dataset,vectorizer,algorithm,documents,clusters_found,noise_documents,vectorization_seconds,vectorization_memory_kb,clustering_seconds,clustering_memory_kb,cpu_percent,cpu_per_core_percent,recommended_k_silhouette,silhouette,davies_bouldin,calinski_harabasz,f1_macro,f1_micro,v_measure,ari,nmi,series,experiment
demo_texts,tfidf,kmeans,50,5,0,0.003007292,214.8408203125,0.002521083,303.814453125,90.2794669319,"[0.0, 0.0, 0.0, 0.0, 0.0, 0.0, 0.0, 0.0, 0.0, 0.0, 0.0, 0.0]",10,0.0046408442,3.8754547501,1.1286969479,0.2718414918,0.34,0.151716353,0.0224782242,0.151716353,1,experiment_20261005_093016
demo_texts,tfidf,parallel_kmeans,50,5,0,0.003007292,214.8408203125,0.020926375,1029.1220703125,90.324607695,"[18.2, 14.9, 9.5, 6.7, 4.5, 2.9, 14.2, 10.4, 4.1, 29.9, 4.6, 46.0]",10,0.0101367176,2.9911273371,1.2029760447,0.2576015289,0.3,0.1427641546,0.0019246191,0.1427641546,1,experiment_20261005_093016
demo_texts,tfidf,hierarchical,50,5,0,0.003007292,214.8408203125,0.056546375,645.3505859375,46.7128830136,"[94.1, 94.1, 94.1, 100.0, 94.1, 94.1, 100.0, 94.1, 94.4, 100.0, 94.4, 100.0]",10,0.0122590534,3.6293853131,1.2540156198,0.4040537241,0.42,0.2174312462,0.032113191,0.2174312462,1,experiment_20261005_093016
demo_texts,tfidf,dbscan,50,0,50,0.003007292,214.8408203125,0.001180125,19.5810546875,90.0315486283,"[47.4, 31.6, 26.3, 25.0, 25.0, 25.0, 25.0, 42.1, 61.9, 28.6, 26.3, 23.8]",10,-1.0,-1.0,-1.0,0.0,0.0,0.0,0.0,0.0,1,experiment_20261005_093016
demo_texts,tfidf,minibatch,50,5,0,0.003007292,214.8408203125,0.00613975,273.466796875,92.4559889049,"[94.1, 88.9, 94.1, 93.7, 93.7, 88.2, 100.0, 100.0, 100.0, 100.0, 100.0, 100.0]",10,0.0011925364,2.5104474898,1.1060261919,0.232,0.28,0.1691244735,0.0042162071,0.1691244735,1,experiment_20261005_093016
demo_texts,tfidf,birch,50,5,0,0.003007292,214.8408203125,0.002512042,400.171875,89.641680823,"[94.1, 93.7, 94.1, 88.9, 88.9, 88.9, 100.0, 100.0, 100.0, 100.0, 100.0, 100.0]",10,0.0122590534,3.6293853131,1.2540156198,0.4040537241,0.42,0.2174312462,0.032113191,0.2174312462,1,experiment_20261005_093016
demo_texts,tfidf,spectral,50,5,0,0.003007292,214.8408203125,0.023239042,541.361328125,92.1941598433,"[87.5, 94.4, 88.9, 94.1, 94.1, 93.3, 100.0, 100.0, 100.0, 100.0, 100.0, 100.0]",10,0.0120606496,3.6780410237,1.2575023826,0.3272718561,0.36,0.1711538856,0.0202011907,0.1711538856,1,experiment_20261005_093016
demo_texts,tfidf,affinity,50,13,0,0.003007292,214.8408203125,0.008741875,142.17578125,47.8158723601,"[94.1, 100.0, 93.7, 93.3, 100.0, 94.1, 100.0, 100.0, 100.0, 100.0, 100.0, 100.0]",10,0.0180957994,2.3706446269,1.1597891261,0.2698412698,0.24,0.3017289264,0.0099560761,0.3017289264,1,experiment_20261005_093016
demo_texts,tfidf,hdbscan,50,2,12,0.003007292,214.8408203125,0.002890333,35.3466796875,1.5709354597,"[44.0, 33.3, 29.2, 25.0, 19.2, 19.2, 44.4, 33.3, 26.9, 19.2, 25.9, 23.1]",10,-0.0005730935,5.4949919288,1.0028236664,0.1518661519,0.2894736842,0.0692871165,-0.0104615841,0.0692871165,1,experiment_20261005_093016
demo_texts,word2vec,kmeans,50,5,0,0.057111917,333.5302734375,0.002724333,78.2568359375,89.6116898998,"[33.3, 18.2, 8.3, 0.0, 0.0, 8.3, 16.7, 9.1, 36.4, 8.3, 33.3, 8.3]",2,0.001397704,3.4378606088,1.5628188901,0.3090669856,0.34,0.112233782,0.0050399806,0.112233782,1,experiment_20261005_093016
demo_texts,word2vec,parallel_kmeans,50,5,0,0.057111917,333.5302734375,0.023168959,296.4912109375,97.1653472241,"[93.8, 93.7, 100.0, 94.1, 94.1, 94.1, 94.1, 100.0, 100.0, 100.0, 100.0, 100.0]",2,0.0123356096,3.534307403,1.5871178223,0.3220255349,0.34,0.1488484862,0.0227353464,0.1488484862,1,experiment_20261005_093016
demo_texts,word2vec,hierarchical,50,5,0,0.057111917,333.5302734375,0.000964084,55.9384765625,55.4897952467,"[100.0, 100.0, 100.0, 100.0, 100.0, 100.0, 100.0, 100.0, 100.0, 100.0, 100.0, 100.0]",2,0.0255337618,3.2646241097,1.9663583101,0.4173870574,0.42,0.1626861534,0.0289123692,0.1626861534,1,experiment_20261005_093016
demo_texts,word2vec,dbscan,50,1,0,0.057111917,333.5302734375,0.001614,57.5751953125,89.1007281518,"[36.8, 36.8, 35.0, 30.0, 35.0, 31.6, 66.7, 31.6, 31.6, 31.6, 30.0, 36.8]",2,-1.0,-1.0,-1.0,0.0666666667,0.2,0.0,0.0,0.0,1,experiment_20261005_093016
demo_texts,word2vec,minibatch,50,5,0,0.057111917,333.5302734375,0.004843625,79.2529296875,91.690441266,"[93.7, 88.2, 88.2, 93.8, 93.7, 93.8, 100.0, 100.0, 100.0, 100.0, 100.0, 100.0]",2,0.001673443,3.1805680431,1.5635849113,0.2858608059,0.32,0.1496200741,0.0126386074,0.1496200741,1,experiment_20261005_093016
demo_texts,word2vec,birch,50,1,0,0.057111917,333.5302734375,0.002523375,115.9306640625,91.6382306284,"[100.0, 93.7, 93.3, 87.5, 93.7, 88.2, 100.0, 100.0, 100.0, 100.0, 100.0, 100.0]",2,-1.0,-1.0,-1.0,0.0666666667,0.2,0.0,0.0,0.0,1,experiment_20261005_093016
demo_texts,word2vec,spectral,50,5,0,0.057111917,333.5302734375,0.014053792,136.5478515625,91.0996000385,"[93.7, 94.1, 93.7, 88.2, 93.7, 94.1, 100.0, 100.0, 100.0, 100.0, 100.0, 100.0]",2,0.0214563012,3.2634537264,2.0124661172,0.3335737235,0.34,0.0763661696,-0.0232266507,0.0763661696,1,experiment_20261005_093016
demo_texts,word2vec,affinity,50,4,0,0.057111917,333.5302734375,0.004293,143.70703125,41.8410775326,"[94.1, 93.7, 94.1, 94.1, 94.1, 93.7, 100.0, 100.0, 100.0, 100.0, 100.0, 100.0]",2,0.0097787101,3.6467391299,1.6215881771,0.31,0.36,0.1475729686,0.0334900118,0.1475729686,1,experiment_20261005_093016
demo_texts,word2vec,hdbscan,50,0,50,0.057111917,333.5302734375,0.001815458,60.541015625,1.746314869,"[37.5, 31.2, 29.4, 25.0, 29.4, 23.5, 33.3, 52.9, 62.5, 25.0, 53.3, 31.3]",2,-1.0,-1.0,-1.0,0.0,0.0,0.0,0.0,0.0,1,experiment_20261005_093016
demo_texts,fasttext,kmeans,50,5,0,0.5158735,781815.12109375,0.002570083,78.9443359375,91.3773168825,"[18.2, 16.7, 9.1, 9.1, 8.3, 0.0, 0.0, 54.5, 16.7, 8.3, 36.4, 0.0]",2,-0.0215578247,3.4594347441,1.6210785666,0.3429473051,0.36,0.2113607008,0.0441406806,0.2113607008,1,experiment_20261005_093016
demo_texts,fasttext,parallel_kmeans,50,5,0,0.5158735,781815.12109375,0.022981541,270.6279296875,97.7037572307,"[88.9, 94.1, 94.1, 88.9, 93.7, 88.2, 100.0, 100.0, 100.0, 100.0, 100.0, 100.0]",2,0.0223167706,2.6909731835,1.9209477187,0.2863826232,0.32,0.1124800438,-0.0110466722,0.1124800438,1,experiment_20261005_093016
demo_texts,fasttext,hierarchical,50,5,0,0.5158735,781815.12109375,0.000776667,52.220703125,48.4945088593,"[100.0, 100.0, 100.0, 100.0, 100.0, 100.0, 100.0, 100.0, 100.0, 100.0, 100.0, 100.0]",2,0.0077340766,2.8479794064,2.0884795681,0.3650909091,0.42,0.2086707374,0.0683238189,0.2086707374,1,experiment_20261005_093016
demo_texts,fasttext,dbscan,50,1,0,0.5158735,781815.12109375,0.001596167,54.958984375,90.683457757,"[31.6, 30.0, 25.0, 26.3, 25.0, 25.0, 28.6, 26.3, 26.3, 25.0, 26.3, 75.0]",2,-1.0,-1.0,-1.0,0.0666666667,0.2,0.0,0.0,0.0,1,experiment_20261005_093016
demo_texts,fasttext,minibatch,50,5,0,0.5158735,781815.12109375,0.005219792,78.8076171875,89.3390170475,"[90.9, 90.5, 90.5, 86.4, 86.4, 85.7, 95.2, 95.2, 90.9, 95.2, 95.5, 100.0]",2,0.0384747609,2.5443899798,1.5926649819,0.2577838828,0.3,0.1433552428,-0.0044550134,0.1433552428,1,experiment_20261005_093016
demo_texts,fasttext,birch,50,1,0,0.5158735,781815.12109375,0.00141175,54.2998046875,91.1504954967,"[93.7, 93.7, 94.1, 93.7, 87.5, 83.3, 100.0, 100.0, 100.0, 100.0, 94.1, 100.0]",2,-1.0,-1.0,-1.0,0.0666666667,0.2,0.0,0.0,0.0,1,experiment_20261005_093016
demo_texts,fasttext,spectral,50,5,0,0.5158735,781815.12109375,0.012591167,132.462890625,91.7396406625,"[94.1, 94.4, 94.1, 88.9, 88.9, 93.7, 100.0, 100.0, 100.0, 100.0, 100.0, 100.0]",2,0.0083617121,3.2072267906,2.0918209523,0.3526968937,0.36,0.2096902529,0.0580556321,0.2096902529,1,experiment_20261005_093016
demo_texts,fasttext,affinity,50,9,0,0.5158735,781815.12109375,0.004291042,143.314453125,37.0188357958,"[94.4, 94.1, 94.1, 93.7, 94.1, 82.4, 100.0, 100.0, 100.0, 100.0, 100.0, 100.0]",2,0.0085102767,1.975743182,1.8351472445,0.3288981772,0.4,0.2500479373,0.0556098062,0.2500479373,1,experiment_20261005_093016
demo_texts,fasttext,hdbscan,50,0,50,0.5158735,781815.12109375,0.001645959,60.740234375,1.5156714699,"[31.2, 23.5, 18.8, 23.5, 18.8, 23.5, 23.5, 61.1, 35.3, 23.5, 29.4, 27.8]",2,-1.0,-1.0,-1.0,0.0,0.0,0.0,0.0,0.0,1,experiment_20261005_093016
demo_texts,doc2vec,kmeans,50,5,0,0.054894667,317.9658203125,0.00268625,78.2138671875,90.7575011273,"[25.0, 18.2, 16.7, 15.4, 15.4, 15.4, 8.3, 27.3, 18.2, 8.3, 41.7, 16.7]",2,0.0100996271,3.5046656034,1.5572498089,0.3059073022,0.32,0.1032567988,-0.0016394282,0.1032567988,1,experiment_20261005_093016
demo_texts,doc2vec,parallel_kmeans,50,5,0,0.054894667,317.9658203125,0.023145792,280.7841796875,97.416397043,"[94.1, 93.8, 88.2, 93.7, 93.3, 88.2, 100.0, 94.1, 100.0, 100.0, 100.0, 100.0]",2,0.0096303457,3.682845435,1.5706002666,0.3277284635,0.34,0.0871397783,-0.0174525574,0.0871397783,1,experiment_20261005_093016
demo_texts,doc2vec,hierarchical,50,5,0,0.054894667,317.9658203125,0.000781333,52.294921875,49.4597729243,"[100.0, 100.0, 100.0, 100.0, 100.0, 100.0, 100.0, 100.0, 100.0, 100.0, 100.0, 100.0]",2,0.0215029791,3.3987313384,1.8116660239,0.3051482429,0.32,0.0812366019,-0.0240914239,0.0812366019,1,experiment_20261005_093016
demo_texts,doc2vec,dbscan,50,1,0,0.054894667,317.9658203125,0.001093458,54.890625,91.3623406617,"[36.8, 35.0, 31.6, 30.0, 26.3, 26.3, 26.3, 73.7, 26.3, 33.3, 26.3, 26.3]",2,-1.0,-1.0,-1.0,0.0666666667,0.2,0.0,0.0,0.0,1,experiment_20261005_093016
demo_texts,doc2vec,minibatch,50,5,0,0.054894667,317.9658203125,0.009843,79.01953125,92.5161850005,"[94.1, 94.1, 88.9, 93.7, 88.9, 87.5, 100.0, 100.0, 100.0, 100.0, 100.0, 100.0]",2,0.0031086118,3.3620380167,1.5095377709,0.2760606061,0.3,0.0968846025,-0.0303178484,0.0968846025,1,experiment_20261005_093016
demo_texts,doc2vec,birch,50,1,0,0.054894667,317.9658203125,0.001446542,54.1357421875,91.6490826128,"[94.4, 94.1, 94.1, 94.1, 87.5, 94.1, 100.0, 100.0, 100.0, 100.0, 100.0, 100.0]",2,-1.0,-1.0,-1.0,0.0666666667,0.2,0.0,0.0,0.0,1,experiment_20261005_093016
demo_texts,doc2vec,spectral,50,5,0,0.054894667,317.9658203125,0.016162375,132.44921875,88.8383170839,"[93.7, 93.7, 93.7, 93.7, 88.2, 88.2, 100.0, 100.0, 100.0, 100.0, 100.0, 100.0]",2,0.0117789395,3.3789199531,1.8093994147,0.3383914331,0.34,0.1378456918,0.0050761421,0.1378456918,1,experiment_20261005_093016
demo_texts,doc2vec,affinity,50,9,0,0.054894667,317.9658203125,0.00518575,143.44921875,45.8735836298,"[100.0, 100.0, 100.0, 100.0, 100.0, 100.0, 100.0, 100.0, 93.7, 100.0, 100.0, 93.7]",2,0.0106560579,2.7124405973,1.5165272613,0.2573412698,0.26,0.2219639543,-0.0062987993,0.2219639543,1,experiment_20261005_093016
demo_texts,doc2vec,hdbscan,50,0,50,0.054894667,317.9658203125,0.001834458,60.484375,1.7060747301,"[41.2, 37.5, 47.1, 29.4, 47.1, 25.0, 70.6, 35.3, 35.3, 38.9, 41.2, 33.3]",2,-1.0,-1.0,-1.0,0.0,0.0,0.0,0.0,0.0,1,experiment_20261005_093016
demo_texts,sentence_bert,kmeans,50,5,0,0.778892833,132.8134765625,0.003212417,261.6201171875,91.8776271965,"[10.0, 25.0, 16.7, 16.7, 15.4, 8.3, 0.0, 9.1, 25.0, 8.3, 30.8, 8.3]",2,0.041649431,2.9481154755,2.8613165751,0.6423226295,0.64,0.5291025307,0.3663793103,0.5291025307,1,experiment_20261005_093016
demo_texts,sentence_bert,parallel_kmeans,50,5,0,0.778892833,132.8134765625,0.02498625,987.560546875,88.3694311368,"[77.8, 74.1, 74.1, 74.1, 73.1, 70.4, 77.8, 80.8, 76.9, 77.8, 96.2, 77.8]",2,0.0489962101,2.5441870938,3.3348495156,0.7023809524,0.74,0.71339397,0.6072092159,0.71339397,1,experiment_20261005_093016
demo_texts,sentence_bert,hierarchical,50,5,0,0.778892833,132.8134765625,0.00102275,167.369140625,55.378979607,"[93.7, 93.7, 93.7, 94.1, 94.1, 93.7, 93.7, 100.0, 94.4, 93.7, 94.4, 93.7]",2,0.0898950025,2.2716077321,3.9060023292,0.8384736842,0.84,0.7769523377,0.671599378,0.7769523377,1,experiment_20261005_093016
demo_texts,sentence_bert,dbscan,50,0,50,0.778892833,132.8134765625,0.002300875,17.2861328125,89.7004962313,"[40.0, 40.0, 35.0, 31.6, 27.8, 31.6, 31.6, 30.0, 31.6, 30.0, 31.6, 75.0]",2,-1.0,-1.0,-1.0,0.0,0.0,0.0,0.0,0.0,1,experiment_20261005_093016
demo_texts,sentence_bert,minibatch,50,5,0,0.778892833,132.8134765625,0.005304875,260.87890625,92.1711996095,"[94.1, 94.1, 94.1, 93.8, 88.9, 82.4, 94.4, 100.0, 100.0, 100.0, 100.0, 100.0]",2,0.0792744905,2.3202084836,3.674148457,0.7563478317,0.76,0.631551303,0.502864953,0.631551303,1,experiment_20261005_093016
demo_texts,sentence_bert,birch,50,5,0,0.778892833,132.8134765625,0.002462083,407.15625,89.3349537309,"[93.8, 100.0, 94.1, 88.9, 94.1, 88.9, 100.0, 100.0, 100.0, 100.0, 100.0, 100.0]",2,0.0898950025,2.2716077321,3.9060023292,0.8384736842,0.84,0.7769523377,0.671599378,0.7769523377,1,experiment_20261005_093016
demo_texts,sentence_bert,spectral,50,5,0,0.778892833,132.8134765625,0.013470167,248.6943359375,92.5824267457,"[94.1, 88.2, 94.1, 94.1, 88.2, 100.0, 100.0, 100.0, 100.0, 100.0, 100.0, 100.0]",2,0.0591048524,2.5719965053,3.2258354046,0.6376218324,0.68,0.7441753523,0.5693504394,0.7441753523,1,experiment_20261005_093016
demo_texts,sentence_bert,affinity,50,8,0,0.778892833,132.8134765625,0.00483475,353.90625,37.6529712722,"[94.1, 100.0, 94.1, 94.1, 94.1, 88.9, 100.0, 100.0, 100.0, 100.0, 100.0, 100.0]",2,0.0600384995,2.1127829449,2.9453388154,0.5569067371,0.58,0.6473105272,0.4779874214,0.6473105272,1,experiment_20261005_093016
demo_texts,sentence_bert,hdbscan,50,0,50,0.778892833,132.8134765625,0.002552291,180.603515625,1.8078839663,"[41.2, 41.2, 25.0, 25.0, 17.6, 18.8, 64.7, 29.4, 23.5, 23.5, 29.4, 29.4]",2,-1.0,-1.0,-1.0,0.0,0.0,0.0,0.0,0.0,1,experiment_20261005_093016
demo_texts,tfidf,kmeans,50,5,0,0.002341708,179.49609375,0.00251925,303.49609375,68.0116253024,"[50.0, 33.3, 27.3, 30.8, 25.0, 16.7, 54.5, 75.0, 72.7, 45.5, 66.7, 38.5]",10,0.0046408442,3.8754547501,1.1286969479,0.2718414918,0.34,0.151716353,0.0224782242,0.151716353,2,experiment_20261005_093055
demo_texts,tfidf,parallel_kmeans,50,5,0,0.002341708,179.49609375,0.023568375,1057.0751953125,77.6930875603,"[82.4, 93.7, 94.4, 94.1, 93.7, 94.4, 100.0, 100.0, 100.0, 100.0, 100.0, 100.0]",10,0.0101367176,2.9911273371,1.2029760447,0.2576015289,0.3,0.1427641546,0.0019246191,0.1427641546,2,experiment_20261005_093055
demo_texts,tfidf,hierarchical,50,5,0,0.002341708,179.49609375,0.000890333,23.111328125,32.1566261702,"[100.0, 100.0, 100.0, 100.0, 100.0, 100.0, 100.0, 100.0, 100.0, 100.0, 100.0, 100.0]",10,0.0122590534,3.6293853131,1.2540156198,0.4040537241,0.42,0.2174312462,0.032113191,0.2174312462,2,experiment_20261005_093055
demo_texts,tfidf,dbscan,50,0,50,0.002341708,179.49609375,0.001256417,14.75390625,66.9973374344,"[34.8, 36.0, 29.2, 26.1, 28.0, 29.2, 75.0, 75.0, 78.3, 56.0, 72.0, 50.0]",10,-1.0,-1.0,-1.0,0.0,0.0,0.0,0.0,0.0,2,experiment_20261005_093055
demo_texts,tfidf,minibatch,50,5,0,0.002341708,179.49609375,0.010585583,272.712890625,72.9951587969,"[82.4, 88.2, 88.9, 89.5, 94.4, 94.1, 100.0, 100.0, 100.0, 100.0, 100.0, 100.0]",10,0.0011925364,2.5104474898,1.1060261919,0.232,0.28,0.1691244735,0.0042162071,0.1691244735,2,experiment_20261005_093055
demo_texts,tfidf,birch,50,5,0,0.002341708,179.49609375,0.002239709,397.12890625,74.941438688,"[81.3, 88.2, 94.1, 93.8, 94.1, 100.0, 100.0, 94.1, 100.0, 100.0, 100.0, 100.0]",10,0.0122590534,3.6293853131,1.2540156198,0.4040537241,0.42,0.2174312462,0.032113191,0.2174312462,2,experiment_20261005_093055
demo_texts,tfidf,spectral,50,5,0,0.002341708,179.49609375,0.01446675,93.259765625,75.1956619293,"[94.1, 93.7, 93.7, 100.0, 100.0, 94.1, 100.0, 100.0, 100.0, 100.0, 100.0, 100.0]",10,0.0120606496,3.6780410237,1.2575023826,0.3272718561,0.36,0.1711538856,0.0202011907,0.1711538856,2,experiment_20261005_093055
demo_texts,tfidf,affinity,50,13,0,0.002341708,179.49609375,0.008597,142.212890625,27.1654698849,"[93.7, 94.1, 94.4, 94.4, 94.4, 100.0, 100.0, 100.0, 100.0, 100.0, 100.0, 100.0]",10,0.0180957994,2.3706446269,1.1597891261,0.2698412698,0.24,0.3017289264,0.0099560761,0.3017289264,2,experiment_20261005_093055
demo_texts,tfidf,hdbscan,50,2,12,0.002341708,179.49609375,0.00235475,27.453125,1.0668689879,"[61.1, 55.6, 52.9, 41.2, 31.3, 31.6, 43.8, 73.3, 62.5, 47.1, 73.3, 33.3]",10,-0.0005730935,5.4949919288,1.0028236664,0.1518661519,0.2894736842,0.0692871165,-0.0104615841,0.0692871165,2,experiment_20261005_093055
demo_texts,word2vec,kmeans,50,5,0,0.027096042,309.3330078125,0.002718125,78.353515625,68.9270720535,"[54.5, 45.5, 36.4, 33.3, 9.1, 16.7, 41.7, 60.0, 60.0, 25.0, 54.5, 8.3]",2,0.001397704,3.4378606088,1.5628188901,0.3090669856,0.34,0.112233782,0.0050399806,0.112233782,2,experiment_20261005_093055
demo_texts,word2vec,parallel_kmeans,50,5,0,0.027096042,309.3330078125,0.024126042,254.5009765625,80.8523612667,"[86.7, 87.5, 93.7, 93.8, 94.1, 100.0, 100.0, 100.0, 100.0, 100.0, 100.0, 100.0]",2,0.0123356096,3.534307403,1.5871178223,0.3220255349,0.34,0.1488484862,0.0227353464,0.1488484862,2,experiment_20261005_093055
demo_texts,word2vec,hierarchical,50,5,0,0.027096042,309.3330078125,0.000809,52.056640625,40.9292585581,"[100.0, 100.0, 100.0, 100.0, 100.0, 100.0, 100.0, 100.0, 100.0, 100.0, 100.0, 100.0]",2,0.0255337618,3.2646241097,1.9663583101,0.4173870574,0.42,0.1626861534,0.0289123692,0.1626861534,2,experiment_20261005_093055
demo_texts,word2vec,dbscan,50,1,0,0.027096042,309.3330078125,0.001680167,55.505859375,53.1452933596,"[70.0, 65.0, 57.1, 55.0, 50.0, 50.0, 75.0, 81.0, 76.2, 61.9, 89.5, 60.0]",2,-1.0,-1.0,-1.0,0.0666666667,0.2,0.0,0.0,0.0,2,experiment_20261005_093055
demo_texts,word2vec,minibatch,50,5,0,0.027096042,309.3330078125,0.007868416,78.8896484375,70.8598472711,"[94.1, 94.4, 94.1, 94.4, 100.0, 100.0, 100.0, 100.0, 100.0, 100.0, 100.0, 100.0]",2,0.001673443,3.1805680431,1.5635849113,0.2858608059,0.32,0.1496200741,0.0126386074,0.1496200741,2,experiment_20261005_093055
demo_texts,word2vec,birch,50,1,0,0.027096042,309.3330078125,0.00147925,53.9052734375,69.2539210979,"[88.2, 87.5, 94.1, 94.1, 94.1, 100.0, 100.0, 100.0, 100.0, 100.0, 100.0, 100.0]",2,-1.0,-1.0,-1.0,0.0666666667,0.2,0.0,0.0,0.0,2,experiment_20261005_093055
demo_texts,word2vec,spectral,50,5,0,0.027096042,309.3330078125,0.015920083,132.564453125,68.8540387513,"[93.7, 94.1, 94.1, 100.0, 100.0, 94.1, 100.0, 100.0, 100.0, 100.0, 100.0, 100.0]",2,0.0214563012,3.2634537264,2.0124661172,0.3335737235,0.34,0.0763661696,-0.0232266507,0.0763661696,2,experiment_20261005_093055
demo_texts,word2vec,affinity,50,4,0,0.027096042,309.3330078125,0.004357709,143.359375,30.2415865514,"[87.5, 93.7, 100.0, 94.4, 94.4, 100.0, 100.0, 100.0, 100.0, 100.0, 100.0, 100.0]",2,0.0097787101,3.6467391299,1.6215881771,0.31,0.36,0.1475729686,0.0334900118,0.1475729686,2,experiment_20261005_093055
demo_texts,word2vec,hdbscan,50,0,50,0.027096042,309.3330078125,0.001980208,60.4140625,0.194298963,"[70.6, 47.1, 38.9, 35.3, 29.4, 27.8, 56.3, 68.8, 70.6, 52.9, 66.7, 41.2]",2,-1.0,-1.0,-1.0,0.0,0.0,0.0,0.0,0.0,2,experiment_20261005_093055
demo_texts,fasttext,kmeans,50,5,0,0.579175416,781816.521484375,0.002616041,78.2685546875,69.4530280333,"[63.6, 66.7, 45.5, 36.4, 33.3, 30.8, 45.5, 63.6, 63.6, 27.3, 60.0, 16.7]",2,-0.0215578247,3.4594347441,1.6210785666,0.3429473051,0.36,0.2113607008,0.0441406806,0.2113607008,2,experiment_20261005_093055
demo_texts,fasttext,parallel_kmeans,50,5,0,0.579175416,781816.521484375,0.026871167,276.8408203125,70.1503867896,"[88.9, 88.2, 88.9, 94.1, 94.1, 100.0, 100.0, 100.0, 100.0, 100.0, 100.0, 100.0]",2,0.0223167706,2.6909731835,1.9209477187,0.2863826232,0.32,0.1124800438,-0.0110466722,0.1124800438,2,experiment_20261005_093055
demo_texts,fasttext,hierarchical,50,5,0,0.579175416,781816.521484375,0.00161275,52.033203125,38.2005218504,"[100.0, 100.0, 100.0, 100.0, 100.0, 100.0, 100.0, 100.0, 100.0, 100.0, 100.0, 100.0]",2,0.0077340766,2.8479794064,2.0884795681,0.3650909091,0.42,0.2086707374,0.0683238189,0.2086707374,2,experiment_20261005_093055
demo_texts,fasttext,dbscan,50,1,0,0.579175416,781816.521484375,0.001336625,54.896484375,69.5739787373,"[57.1, 47.6, 45.0, 36.4, 25.0, 27.3, 52.4, 60.0, 90.0, 38.1, 60.0, 25.0]",2,-1.0,-1.0,-1.0,0.0666666667,0.2,0.0,0.0,0.0,2,experiment_20261005_093055
demo_texts,fasttext,minibatch,50,5,0,0.579175416,781816.521484375,0.007297542,79.1142578125,69.2417806246,"[88.2, 88.9, 89.5, 93.7, 94.1, 100.0, 100.0, 100.0, 100.0, 100.0, 100.0, 100.0]",2,0.0384747609,2.5443899798,1.5926649819,0.2577838828,0.3,0.1433552428,-0.0044550134,0.1433552428,2,experiment_20261005_093055
demo_texts,fasttext,birch,50,1,0,0.579175416,781816.521484375,0.001898792,53.8798828125,67.9959632402,"[94.1, 94.1, 94.1, 100.0, 94.7, 94.1, 100.0, 100.0, 100.0, 100.0, 100.0, 100.0]",2,-1.0,-1.0,-1.0,0.0666666667,0.2,0.0,0.0,0.0,2,experiment_20261005_093055
demo_texts,fasttext,spectral,50,5,0,0.579175416,781816.521484375,0.015212917,133.275390625,69.0183573168,"[88.9, 94.7, 100.0, 94.7, 94.4, 100.0, 100.0, 100.0, 94.7, 100.0, 100.0, 100.0]",2,0.0083617121,3.2072267906,2.0918209523,0.3526968937,0.36,0.2096902529,0.0580556321,0.2096902529,2,experiment_20261005_093055
demo_texts,fasttext,affinity,50,9,0,0.579175416,781816.521484375,0.0043995,143.44921875,22.7816765391,"[94.4, 94.1, 94.1, 100.0, 100.0, 94.7, 100.0, 100.0, 100.0, 100.0, 100.0, 100.0]",2,0.0085102767,1.975743182,1.8351472445,0.3288981772,0.4,0.2500479373,0.0556098062,0.2500479373,2,experiment_20261005_093055
demo_texts,fasttext,hdbscan,50,0,50,0.579175416,781816.521484375,0.001950333,60.30859375,1.5025275075,"[47.1, 44.4, 33.3, 27.8, 26.3, 23.5, 64.7, 64.7, 62.5, 47.1, 68.7, 33.3]",2,-1.0,-1.0,-1.0,0.0,0.0,0.0,0.0,0.0,2,experiment_20261005_093055
demo_texts,doc2vec,kmeans,50,5,0,0.062177792,316.9814453125,0.002814625,78.7080078125,69.6336306163,"[45.5, 54.5, 41.7, 18.2, 23.1, 25.0, 50.0, 63.6, 60.0, 45.5, 60.0, 33.3]",2,0.0100996271,3.5046656034,1.5572498089,0.3059073022,0.32,0.1032567988,-0.0016394282,0.1032567988,2,experiment_20261005_093055
demo_texts,doc2vec,parallel_kmeans,50,5,0,0.062177792,316.9814453125,0.024236125,247.4765625,78.1419155456,"[87.5, 87.5, 93.7, 94.4, 100.0, 94.4, 100.0, 100.0, 100.0, 100.0, 100.0, 100.0]",2,0.0096303457,3.682845435,1.5706002666,0.3277284635,0.34,0.0871397783,-0.0174525574,0.0871397783,2,experiment_20261005_093055
demo_texts,doc2vec,hierarchical,50,5,0,0.062177792,316.9814453125,0.001119708,52.001953125,43.4529824517,"[100.0, 100.0, 100.0, 100.0, 100.0, 100.0, 100.0, 100.0, 100.0, 100.0, 100.0, 100.0]",2,0.0215029791,3.3987313384,1.8116660239,0.3051482429,0.32,0.0812366019,-0.0240914239,0.0812366019,2,experiment_20261005_093055
demo_texts,doc2vec,dbscan,50,1,0,0.062177792,316.9814453125,0.001542583,54.888671875,70.2143899416,"[75.0, 57.9, 52.4, 36.8, 36.4, 35.0, 50.0, 68.4, 70.0, 40.0, 68.4, 61.9]",2,-1.0,-1.0,-1.0,0.0666666667,0.2,0.0,0.0,0.0,2,experiment_20261005_093055
demo_texts,doc2vec,minibatch,50,5,0,0.062177792,316.9814453125,0.009457125,78.7294921875,69.798629428,"[94.1, 94.4, 94.4, 94.7, 100.0, 94.7, 100.0, 100.0, 100.0, 100.0, 100.0, 100.0]",2,0.0031086118,3.3620380167,1.5095377709,0.2760606061,0.3,0.0968846025,-0.0303178484,0.0968846025,2,experiment_20261005_093055
demo_texts,doc2vec,birch,50,1,0,0.062177792,316.9814453125,0.002685292,53.8037109375,62.7910755289,"[88.2, 88.2, 93.7, 93.7, 94.4, 100.0, 100.0, 100.0, 100.0, 100.0, 100.0, 100.0]",2,-1.0,-1.0,-1.0,0.0666666667,0.2,0.0,0.0,0.0,2,experiment_20261005_093055
demo_texts,doc2vec,spectral,50,5,0,0.062177792,316.9814453125,0.018812042,132.185546875,77.3838962043,"[100.0, 100.0, 100.0, 100.0, 100.0, 100.0, 100.0, 100.0, 100.0, 100.0, 100.0, 100.0]",2,0.0117789395,3.3789199531,1.8093994147,0.3383914331,0.34,0.1378456918,0.0050761421,0.1378456918,2,experiment_20261005_093055
demo_texts,doc2vec,affinity,50,9,0,0.062177792,316.9814453125,0.005148125,143.44921875,29.6826842343,"[94.4, 100.0, 94.7, 100.0, 100.0, 100.0, 100.0, 100.0, 100.0, 100.0, 100.0, 100.0]",2,0.0106560579,2.7124405973,1.5165272613,0.2573412698,0.26,0.2219639543,-0.0062987993,0.2219639543,2,experiment_20261005_093055
demo_texts,doc2vec,hdbscan,50,0,50,0.062177792,316.9814453125,0.001857667,60.3828125,1.3597086684,"[73.3, 75.0, 56.3, 50.0, 41.2, 52.9, 29.4, 62.5, 29.4, 29.4, 35.3, 31.2]",2,-1.0,-1.0,-1.0,0.0,0.0,0.0,0.0,0.0,2,experiment_20261005_093055
demo_texts,sentence_bert,kmeans,50,5,0,0.050405833,121.4326171875,0.00328075,262.0693359375,91.84793452,"[41.7, 25.0, 16.7, 16.7, 8.3, 9.1, 16.7, 9.1, 9.1, 33.3, 16.7, 9.1]",2,0.041649431,2.9481154755,2.8613165751,0.6423226295,0.64,0.5291025307,0.3663793103,0.5291025307,2,experiment_20261005_093055
demo_texts,sentence_bert,parallel_kmeans,50,5,0,0.050405833,121.4326171875,0.02554825,1055.2509765625,97.8264046472,"[94.1, 94.1, 94.1, 94.1, 88.2, 82.4, 100.0, 100.0, 100.0, 100.0, 100.0, 100.0]",2,0.0489962101,2.5441870938,3.3348495156,0.7023809524,0.74,0.71339397,0.6072092159,0.71339397,2,experiment_20261005_093055
demo_texts,sentence_bert,hierarchical,50,5,0,0.050405833,121.4326171875,0.000875791,163.005859375,51.2363687219,"[100.0, 100.0, 100.0, 100.0, 100.0, 100.0, 100.0, 100.0, 100.0, 100.0, 100.0, 100.0]",2,0.0898950025,2.2716077321,3.9060023292,0.8384736842,0.84,0.7769523377,0.671599378,0.7769523377,2,experiment_20261005_093055
demo_texts,sentence_bert,dbscan,50,0,50,0.050405833,121.4326171875,0.001976666,14.76171875,90.8637649451,"[35.0, 30.0, 26.3, 28.6, 30.0, 30.0, 35.0, 28.6, 28.6, 28.6, 75.0, 28.6]",2,-1.0,-1.0,-1.0,0.0,0.0,0.0,0.0,0.0,2,experiment_20261005_093055
demo_texts,sentence_bert,minibatch,50,5,0,0.050405833,121.4326171875,0.005413542,260.9580078125,91.6282091515,"[93.7, 94.1, 88.2, 94.1, 94.1, 83.3, 100.0, 100.0, 100.0, 100.0, 100.0, 100.0]",2,0.0792744905,2.3202084836,3.674148457,0.7563478317,0.76,0.631551303,0.502864953,0.631551303,2,experiment_20261005_093055
demo_texts,sentence_bert,birch,50,5,0,0.050405833,121.4326171875,0.002603708,406.765625,91.9004912861,"[88.9, 94.1, 94.1, 93.7, 88.9, 82.4, 100.0, 100.0, 100.0, 100.0, 100.0, 100.0]",2,0.0898950025,2.2716077321,3.9060023292,0.8384736842,0.84,0.7769523377,0.671599378,0.7769523377,2,experiment_20261005_093055
demo_texts,sentence_bert,spectral,50,5,0,0.050405833,121.4326171875,0.013328625,243.240234375,92.2384465855,"[94.1, 93.7, 94.1, 94.1, 93.8, 88.2, 100.0, 100.0, 100.0, 100.0, 100.0, 100.0]",2,0.0591048524,2.5719965053,3.2258354046,0.6376218324,0.68,0.7441753523,0.5693504394,0.7441753523,2,experiment_20261005_093055
demo_texts,sentence_bert,affinity,50,8,0,0.050405833,121.4326171875,0.004827,353.99609375,36.0092290953,"[94.4, 94.4, 94.4, 94.1, 88.9, 88.2, 100.0, 100.0, 100.0, 100.0, 100.0, 100.0]",2,0.0600384995,2.1127829449,2.9453388154,0.5569067371,0.58,0.6473105272,0.4779874214,0.6473105272,2,experiment_20261005_093055
demo_texts,sentence_bert,hdbscan,50,0,50,0.050405833,121.4326171875,0.002487041,180.1640625,1.5894739151,"[37.5, 31.2, 23.5, 23.5, 20.0, 18.8, 31.3, 20.0, 20.0, 68.7, 27.8, 25.0]",2,-1.0,-1.0,-1.0,0.0,0.0,0.0,0.0,0.0,2,experiment_20261005_093055
demo_texts,tfidf,kmeans,50,5,0,0.002561,179.3251953125,0.002729667,303.541015625,85.0085028098,"[66.7, 27.3, 23.1, 18.2, 16.7, 50.0, 16.7, 16.7, 16.7, 36.4, 9.1, 16.7]",10,0.0046408442,3.8754547501,1.1286969479,0.2718414918,0.34,0.151716353,0.0224782242,0.151716353,3,experiment_20261005_093112
demo_texts,tfidf,parallel_kmeans,50,5,0,0.002561,179.3251953125,0.020553,944.2392578125,94.0085304445,"[46.7, 47.8, 43.2, 45.7, 42.2, 41.3, 45.7, 44.7, 44.4, 80.9, 63.0, 43.5]",10,0.0101367176,2.9911273371,1.2029760447,0.2576015289,0.3,0.1427641546,0.0019246191,0.1427641546,3,experiment_20261005_093112
demo_texts,tfidf,hierarchical,50,5,0,0.002561,179.3251953125,0.000822084,22.939453125,47.5564705075,"[100.0, 100.0, 94.4, 94.1, 94.4, 94.4, 100.0, 100.0, 94.4, 100.0, 100.0, 100.0]",10,0.0122590534,3.6293853131,1.2540156198,0.4040537241,0.42,0.2174312462,0.032113191,0.2174312462,3,experiment_20261005_093112
demo_texts,tfidf,dbscan,50,0,50,0.002561,179.3251953125,0.000909666,14.70703125,91.1682071041,"[35.0, 30.0, 25.0, 28.6, 21.1, 25.0, 28.6, 25.0, 21.1, 73.7, 25.0, 25.0]",10,-1.0,-1.0,-1.0,0.0,0.0,0.0,0.0,0.0,3,experiment_20261005_093112
demo_texts,tfidf,minibatch,50,5,0,0.002561,179.3251953125,0.006460792,272.802734375,92.5650722905,"[94.1, 88.2, 94.1, 93.7, 94.4, 87.5, 100.0, 100.0, 100.0, 100.0, 100.0, 100.0]",10,0.0011925364,2.5104474898,1.1060261919,0.232,0.28,0.1691244735,0.0042162071,0.1691244735,3,experiment_20261005_093112
demo_texts,tfidf,birch,50,5,0,0.002561,179.3251953125,0.002155,396.740234375,90.5289216048,"[94.1, 94.1, 93.7, 94.1, 94.1, 88.2, 100.0, 100.0, 100.0, 100.0, 100.0, 100.0]",10,0.0122590534,3.6293853131,1.2540156198,0.4040537241,0.42,0.2174312462,0.032113191,0.2174312462,3,experiment_20261005_093112
demo_texts,tfidf,spectral,50,5,0,0.002561,179.3251953125,0.012599166,93.01953125,92.5059894615,"[94.1, 94.1, 88.9, 94.1, 87.5, 88.2, 100.0, 100.0, 100.0, 100.0, 100.0, 100.0]",10,0.0120606496,3.6780410237,1.2575023826,0.3272718561,0.36,0.1711538856,0.0202011907,0.1711538856,3,experiment_20261005_093112
demo_texts,tfidf,affinity,50,13,0,0.002561,179.3251953125,0.008449833,142.212890625,35.3691115562,"[94.1, 94.1, 94.1, 94.1, 94.1, 94.1, 100.0, 100.0, 100.0, 100.0, 100.0, 100.0]",10,0.0180957994,2.3706446269,1.1597891261,0.2698412698,0.24,0.3017289264,0.0099560761,0.3017289264,3,experiment_20261005_093112
demo_texts,tfidf,hdbscan,50,2,12,0.002561,179.3251953125,0.002077625,27.666015625,1.6842005188,"[31.2, 33.3, 25.0, 23.5, 22.2, 23.5, 61.1, 27.8, 33.3, 29.4, 27.8, 27.8]",10,-0.0005730935,5.4949919288,1.0028236664,0.1518661519,0.2894736842,0.0692871165,-0.0104615841,0.0692871165,3,experiment_20261005_093112
demo_texts,word2vec,kmeans,50,5,0,0.024120334,308.5693359375,0.002878,78.4033203125,91.9509580885,"[23.1, 9.1, 9.1, 16.7, 8.3, 8.3, 27.3, 0.0, 0.0, 20.0, 16.7, 9.1]",2,0.001397704,3.4378606088,1.5628188901,0.3090669856,0.34,0.112233782,0.0050399806,0.112233782,3,experiment_20261005_093112
demo_texts,word2vec,parallel_kmeans,50,5,0,0.024120334,308.5693359375,0.023145291,295.0517578125,98.7510875286,"[93.7, 93.7, 93.7, 88.2, 88.2, 87.5, 100.0, 100.0, 100.0, 100.0, 100.0, 100.0]",2,0.0123356096,3.534307403,1.5871178223,0.3220255349,0.34,0.1488484862,0.0227353464,0.1488484862,3,experiment_20261005_093112
demo_texts,word2vec,hierarchical,50,5,0,0.024120334,308.5693359375,0.000779041,51.892578125,50.3377472758,"[100.0, 100.0, 100.0, 100.0, 100.0, 100.0, 100.0, 100.0, 100.0, 100.0, 100.0, 100.0]",2,0.0255337618,3.2646241097,1.9663583101,0.4173870574,0.42,0.1626861534,0.0289123692,0.1626861534,3,experiment_20261005_093112
demo_texts,word2vec,dbscan,50,1,0,0.024120334,308.5693359375,0.001156875,54.8203125,90.5351941247,"[36.8, 31.6, 26.3, 23.5, 31.6, 27.8, 30.0, 31.6, 31.6, 26.3, 26.3, 68.4]",2,-1.0,-1.0,-1.0,0.0666666667,0.2,0.0,0.0,0.0,3,experiment_20261005_093112
demo_texts,word2vec,minibatch,50,5,0,0.024120334,308.5693359375,0.004975083,79.0439453125,90.9880078372,"[94.1, 88.2, 93.7, 88.9, 87.5, 81.3, 100.0, 100.0, 100.0, 100.0, 100.0, 100.0]",2,0.001673443,3.1805680431,1.5635849113,0.2858608059,0.32,0.1496200741,0.0126386074,0.1496200741,3,experiment_20261005_093112
demo_texts,word2vec,birch,50,1,0,0.024120334,308.5693359375,0.0014175,53.7353515625,92.1664491389,"[94.1, 100.0, 94.1, 88.2, 88.9, 88.9, 100.0, 100.0, 100.0, 100.0, 100.0, 100.0]",2,-1.0,-1.0,-1.0,0.0666666667,0.2,0.0,0.0,0.0,3,experiment_20261005_093112
demo_texts,word2vec,spectral,50,5,0,0.024120334,308.5693359375,0.013109125,132.03125,92.551937483,"[93.7, 94.1, 94.1, 100.0, 88.2, 81.2, 100.0, 100.0, 100.0, 100.0, 100.0, 100.0]",2,0.0214563012,3.2634537264,2.0124661172,0.3335737235,0.34,0.0763661696,-0.0232266507,0.0763661696,3,experiment_20261005_093112
demo_texts,word2vec,affinity,50,4,0,0.024120334,308.5693359375,0.004211,143.26953125,42.4086043172,"[100.0, 93.7, 93.7, 87.5, 93.7, 88.2, 100.0, 100.0, 100.0, 100.0, 100.0, 100.0]",2,0.0097787101,3.6467391299,1.6215881771,0.31,0.36,0.1475729686,0.0334900118,0.1475729686,3,experiment_20261005_093112
demo_texts,word2vec,hdbscan,50,0,50,0.024120334,308.5693359375,0.001757875,60.267578125,1.3155514772,"[31.3, 38.9, 31.2, 25.0, 25.0, 18.7, 31.3, 62.5, 29.4, 31.3, 31.2, 40.0]",2,-1.0,-1.0,-1.0,0.0,0.0,0.0,0.0,0.0,3,experiment_20261005_093112
demo_texts,fasttext,kmeans,50,5,0,0.530797875,781814.666015625,0.002593542,78.388671875,92.2839112569,"[9.1, 9.1, 8.3, 8.3, 15.4, 7.7, 84.6, 8.3, 15.4, 23.1, 0.0, 8.3]",2,-0.0215578247,3.4594347441,1.6210785666,0.3429473051,0.36,0.2113607008,0.0441406806,0.2113607008,3,experiment_20261005_093112
demo_texts,fasttext,parallel_kmeans,50,5,0,0.530797875,781814.666015625,0.023199625,252.5234375,98.6589028017,"[94.4, 94.4, 100.0, 88.2, 88.9, 88.2, 100.0, 100.0, 100.0, 100.0, 100.0, 100.0]",2,0.0223167706,2.6909731835,1.9209477187,0.2863826232,0.32,0.1124800438,-0.0110466722,0.1124800438,3,experiment_20261005_093112
demo_texts,fasttext,hierarchical,50,5,0,0.530797875,781814.666015625,0.000775666,51.884765625,48.1328098868,"[100.0, 100.0, 100.0, 100.0, 100.0, 100.0, 100.0, 100.0, 100.0, 100.0, 100.0, 100.0]",2,0.0077340766,2.8479794064,2.0884795681,0.3650909091,0.42,0.2086707374,0.0683238189,0.2086707374,3,experiment_20261005_093112
demo_texts,fasttext,dbscan,50,1,0,0.530797875,781814.666015625,0.001130042,54.767578125,89.9297907337,"[61.9, 40.0, 28.6, 25.0, 25.0, 28.6, 80.0, 25.0, 25.0, 26.3, 30.0, 25.0]",2,-1.0,-1.0,-1.0,0.0666666667,0.2,0.0,0.0,0.0,3,experiment_20261005_093112
demo_texts,fasttext,minibatch,50,5,0,0.530797875,781814.666015625,0.005337959,79.1142578125,92.5060514987,"[100.0, 100.0, 100.0, 100.0, 100.0, 100.0, 100.0, 100.0, 100.0, 94.4, 100.0, 94.4]",2,0.0384747609,2.5443899798,1.5926649819,0.2577838828,0.3,0.1433552428,-0.0044550134,0.1433552428,3,experiment_20261005_093112
demo_texts,fasttext,birch,50,1,0,0.530797875,781814.666015625,0.0014865,53.7353515625,91.4181883304,"[94.1, 88.2, 94.4, 100.0, 94.4, 83.3, 100.0, 100.0, 100.0, 100.0, 100.0, 100.0]",2,-1.0,-1.0,-1.0,0.0666666667,0.2,0.0,0.0,0.0,3,experiment_20261005_093112
demo_texts,fasttext,spectral,50,5,0,0.530797875,781814.666015625,0.01246825,132.205078125,92.8788967706,"[94.4, 94.1, 100.0, 88.9, 87.5, 83.3, 100.0, 100.0, 100.0, 100.0, 100.0, 100.0]",2,0.0083617121,3.2072267906,2.0918209523,0.3526968937,0.36,0.2096902529,0.0580556321,0.2096902529,3,experiment_20261005_093112
demo_texts,fasttext,affinity,50,9,0,0.530797875,781814.666015625,0.004305125,143.26953125,36.8989362744,"[100.0, 94.1, 94.4, 100.0, 94.4, 93.7, 100.0, 100.0, 100.0, 100.0, 100.0, 100.0]",2,0.0085102767,1.975743182,1.8351472445,0.3288981772,0.4,0.2500479373,0.0556098062,0.2500479373,3,experiment_20261005_093112
demo_texts,fasttext,hdbscan,50,0,50,0.530797875,781814.666015625,0.001686542,60.267578125,1.7764036599,"[29.4, 29.4, 23.5, 22.2, 17.6, 22.2, 18.7, 37.5, 27.8, 27.8, 50.0, 23.5]",2,-1.0,-1.0,-1.0,0.0,0.0,0.0,0.0,0.0,3,experiment_20261005_093112
demo_texts,doc2vec,kmeans,50,5,0,0.055909708,318.2900390625,0.003020459,78.2236328125,92.046082085,"[18.2, 16.7, 9.1, 0.0, 16.7, 0.0, 33.3, 8.3, 0.0, 9.1, 41.7, 9.1]",2,0.0100996271,3.5046656034,1.5572498089,0.3059073022,0.32,0.1032567988,-0.0016394282,0.1032567988,3,experiment_20261005_093112
demo_texts,doc2vec,parallel_kmeans,50,5,0,0.055909708,318.2900390625,0.02264075,253.4169921875,98.5373259202,"[100.0, 100.0, 88.9, 94.1, 83.3, 88.9, 100.0, 100.0, 100.0, 100.0, 100.0, 100.0]",2,0.0096303457,3.682845435,1.5706002666,0.3277284635,0.34,0.0871397783,-0.0174525574,0.0871397783,3,experiment_20261005_093112
demo_texts,doc2vec,hierarchical,50,5,0,0.055909708,318.2900390625,0.000776875,51.884765625,50.9424424321,"[100.0, 100.0, 100.0, 100.0, 100.0, 100.0, 100.0, 100.0, 100.0, 100.0, 100.0, 100.0]",2,0.0215029791,3.3987313384,1.8116660239,0.3051482429,0.32,0.0812366019,-0.0240914239,0.0812366019,3,experiment_20261005_093112
demo_texts,doc2vec,dbscan,50,1,0,0.055909708,318.2900390625,0.001513625,54.849609375,90.7254300032,"[35.0, 31.6, 30.0, 30.0, 26.3, 26.3, 30.0, 31.6, 26.3, 30.0, 73.7, 26.3]",2,-1.0,-1.0,-1.0,0.0666666667,0.2,0.0,0.0,0.0,3,experiment_20261005_093112
demo_texts,doc2vec,minibatch,50,5,0,0.055909708,318.2900390625,0.006043375,79.1591796875,92.5854350811,"[94.1, 94.1, 88.2, 88.2, 88.2, 88.2, 100.0, 100.0, 100.0, 100.0, 100.0, 100.0]",2,0.0031086118,3.3620380167,1.5095377709,0.2760606061,0.3,0.0968846025,-0.0303178484,0.0968846025,3,experiment_20261005_093112
demo_texts,doc2vec,birch,50,1,0,0.055909708,318.2900390625,0.001406,53.7802734375,91.9676046743,"[94.1, 94.4, 93.8, 88.2, 88.9, 88.2, 100.0, 100.0, 100.0, 100.0, 100.0, 100.0]",2,-1.0,-1.0,-1.0,0.0666666667,0.2,0.0,0.0,0.0,3,experiment_20261005_093112
demo_texts,doc2vec,spectral,50,5,0,0.055909708,318.2900390625,0.013689917,133.005859375,92.3587178855,"[100.0, 93.8, 94.4, 93.7, 87.5, 93.7, 100.0, 100.0, 100.0, 100.0, 100.0, 100.0]",2,0.0117789395,3.3789199531,1.8093994147,0.3383914331,0.34,0.1378456918,0.0050761421,0.1378456918,3,experiment_20261005_093112
demo_texts,doc2vec,affinity,50,9,0,0.055909708,318.2900390625,0.0050975,143.404296875,40.9764084635,"[94.1, 94.1, 93.7, 94.1, 93.7, 83.3, 100.0, 100.0, 100.0, 100.0, 100.0, 100.0]",2,0.0106560579,2.7124405973,1.5165272613,0.2573412698,0.26,0.2219639543,-0.0062987993,0.2219639543,3,experiment_20261005_093112
demo_texts,doc2vec,hdbscan,50,0,50,0.055909708,318.2900390625,0.001822041,60.22265625,0.1693863315,"[35.3, 29.4, 23.5, 27.8, 23.5, 18.8, 29.4, 70.6, 29.4, 29.4, 29.4, 23.5]",2,-1.0,-1.0,-1.0,0.0,0.0,0.0,0.0,0.0,3,experiment_20261005_093112
demo_texts,sentence_bert,kmeans,50,5,0,0.046156583,120.978515625,0.00346825,261.7998046875,91.9413617293,"[25.0, 16.7, 9.1, 8.3, 16.7, 8.3, 27.3, 15.4, 15.4, 16.7, 15.4, 0.0]",2,0.041649431,2.9481154755,2.8613165751,0.6423226295,0.64,0.5291025307,0.3663793103,0.5291025307,3,experiment_20261005_093112
demo_texts,sentence_bert,parallel_kmeans,50,5,0,0.046156583,120.978515625,0.024223417,1067.8818359375,82.5119922279,"[71.4, 69.0, 67.9, 67.9, 65.5, 65.5, 89.7, 71.4, 72.4, 82.8, 71.4, 72.4]",2,0.0489962101,2.5441870938,3.3348495156,0.7023809524,0.74,0.71339397,0.6072092159,0.71339397,3,experiment_20261005_093112
demo_texts,sentence_bert,hierarchical,50,5,0,0.046156583,120.978515625,0.00084975,162.8671875,48.4397414401,"[94.1, 93.7, 94.1, 94.1, 94.1, 93.7, 94.1, 93.7, 93.7, 94.1, 94.1, 94.1]",2,0.0898950025,2.2716077321,3.9060023292,0.8384736842,0.84,0.7769523377,0.671599378,0.7769523377,3,experiment_20261005_093112
demo_texts,sentence_bert,dbscan,50,0,50,0.046156583,120.978515625,0.001128583,14.669921875,88.4564000823,"[55.0, 61.9, 35.0, 35.0, 31.6, 40.0, 45.0, 30.0, 30.0, 42.1, 50.0, 26.3]",2,-1.0,-1.0,-1.0,0.0,0.0,0.0,0.0,0.0,3,experiment_20261005_093112
demo_texts,sentence_bert,minibatch,50,5,0,0.046156583,120.978515625,0.008448667,261.2080078125,81.2721612362,"[100.0, 100.0, 94.7, 100.0, 100.0, 100.0, 94.4, 94.7, 94.4, 100.0, 100.0, 100.0]",2,0.0792744905,2.3202084836,3.674148457,0.7563478317,0.76,0.631551303,0.502864953,0.631551303,3,experiment_20261005_093112
demo_texts,sentence_bert,birch,50,5,0,0.046156583,120.978515625,0.002578958,406.6953125,89.209229617,"[100.0, 100.0, 100.0, 100.0, 100.0, 100.0, 100.0, 100.0, 100.0, 100.0, 100.0, 100.0]",2,0.0898950025,2.2716077321,3.9060023292,0.8384736842,0.84,0.7769523377,0.671599378,0.7769523377,3,experiment_20261005_093112
demo_texts,sentence_bert,spectral,50,5,0,0.046156583,120.978515625,0.013463375,243.103515625,93.3163628893,"[94.4, 100.0, 100.0, 94.1, 88.2, 88.2, 100.0, 100.0, 100.0, 100.0, 100.0, 100.0]",2,0.0591048524,2.5719965053,3.2258354046,0.6376218324,0.68,0.7441753523,0.5693504394,0.7441753523,3,experiment_20261005_093112
demo_texts,sentence_bert,affinity,50,8,0,0.046156583,120.978515625,0.00481525,353.90625,35.6673504803,"[100.0, 94.1, 94.1, 88.9, 94.1, 88.9, 100.0, 100.0, 100.0, 100.0, 100.0, 100.0]",2,0.0600384995,2.1127829449,2.9453388154,0.5569067371,0.58,0.6473105272,0.4779874214,0.6473105272,3,experiment_20261005_093112
demo_texts,sentence_bert,hdbscan,50,0,50,0.046156583,120.978515625,0.002524333,180.5,1.6499822998,"[25.0, 27.8, 23.5, 23.5, 23.5, 12.5, 20.0, 25.0, 33.3, 61.1, 27.8, 23.5]",2,-1.0,-1.0,-1.0,0.0,0.0,0.0,0.0,0.0,3,experiment_20261005_093112
demo_texts,tfidf,kmeans,50,5,0,0.002756667,179.0673828125,0.002777584,303.451171875,91.6302647479,"[27.3, 33.3, 18.2, 18.2, 18.2, 16.7, 16.7, 9.1, 9.1, 27.3, 33.3, 16.7]",10,0.0046408442,3.8754547501,1.1286969479,0.2718414918,0.34,0.151716353,0.0224782242,0.151716353,4,experiment_20261005_093128
demo_texts,tfidf,parallel_kmeans,50,5,0,0.002756667,179.0673828125,0.021008375,944.7802734375,98.0507483431,"[88.2, 94.1, 94.1, 94.4, 88.2, 88.2, 100.0, 100.0, 100.0, 100.0, 100.0, 100.0]",10,0.0101367176,2.9911273371,1.2029760447,0.2576015289,0.3,0.1427641546,0.0019246191,0.1427641546,4,experiment_20261005_093128
demo_texts,tfidf,hierarchical,50,5,0,0.002756667,179.0673828125,0.00082175,22.892578125,50.2583786902,"[100.0, 100.0, 100.0, 100.0, 100.0, 100.0, 100.0, 100.0, 100.0, 100.0, 100.0, 100.0]",10,0.0122590534,3.6293853131,1.2540156198,0.4040537241,0.42,0.2174312462,0.032113191,0.2174312462,4,experiment_20261005_093128
demo_texts,tfidf,dbscan,50,0,50,0.002756667,179.0673828125,0.00110425,14.578125,89.396926733,"[35.0, 26.3, 26.3, 28.6, 25.0, 26.3, 40.0, 26.3, 25.0, 28.6, 65.0, 30.0]",10,-1.0,-1.0,-1.0,0.0,0.0,0.0,0.0,0.0,4,experiment_20261005_093128
demo_texts,tfidf,minibatch,50,5,0,0.002756667,179.0673828125,0.005787541,272.802734375,91.3485706325,"[100.0, 94.1, 94.1, 93.7, 100.0, 93.7, 100.0, 100.0, 100.0, 100.0, 100.0, 100.0]",10,0.0011925364,2.5104474898,1.1060261919,0.232,0.28,0.1691244735,0.0042162071,0.1691244735,4,experiment_20261005_093128
demo_texts,tfidf,birch,50,5,0,0.002756667,179.0673828125,0.002201334,396.75390625,92.3129079755,"[94.1, 94.4, 88.9, 94.1, 88.2, 83.3, 100.0, 100.0, 100.0, 100.0, 100.0, 100.0]",10,0.0122590534,3.6293853131,1.2540156198,0.4040537241,0.42,0.2174312462,0.032113191,0.2174312462,4,experiment_20261005_093128
demo_texts,tfidf,spectral,50,5,0,0.002756667,179.0673828125,0.012576916,93.28515625,93.3015113912,"[94.1, 93.7, 93.7, 88.2, 88.9, 88.2, 100.0, 100.0, 100.0, 100.0, 100.0, 100.0]",10,0.0120606496,3.6780410237,1.2575023826,0.3272718561,0.36,0.1711538856,0.0202011907,0.1711538856,4,experiment_20261005_093128
demo_texts,tfidf,affinity,50,13,0,0.002756667,179.0673828125,0.008439292,142.03515625,38.5052407417,"[93.7, 94.1, 88.2, 94.1, 94.1, 93.7, 100.0, 100.0, 100.0, 100.0, 100.0, 100.0]",10,0.0180957994,2.3706446269,1.1597891261,0.2698412698,0.24,0.3017289264,0.0099560761,0.3017289264,4,experiment_20261005_093128
demo_texts,tfidf,hdbscan,50,2,12,0.002756667,179.0673828125,0.002070542,27.3203125,1.5910294313,"[33.3, 25.0, 29.4, 23.5, 17.6, 22.2, 27.8, 23.5, 31.3, 29.4, 64.7, 27.8]",10,-0.0005730935,5.4949919288,1.0028236664,0.1518661519,0.2894736842,0.0692871165,-0.0104615841,0.0692871165,4,experiment_20261005_093128
demo_texts,word2vec,kmeans,50,5,0,0.024794875,309.3017578125,0.003201708,78.1640625,92.0523082413,"[18.2, 18.2, 16.7, 8.3, 0.0, 16.7, 33.3, 9.1, 16.7, 16.7, 16.7, 8.3]",2,0.001397704,3.4378606088,1.5628188901,0.3090669856,0.34,0.112233782,0.0050399806,0.112233782,4,experiment_20261005_093128
demo_texts,word2vec,parallel_kmeans,50,5,0,0.024794875,309.3017578125,0.023240875,259.515625,98.8420155001,"[94.1, 93.7, 94.1, 93.7, 88.2, 87.5, 100.0, 100.0, 100.0, 100.0, 100.0, 100.0]",2,0.0123356096,3.534307403,1.5871178223,0.3220255349,0.34,0.1488484862,0.0227353464,0.1488484862,4,experiment_20261005_093128
demo_texts,word2vec,hierarchical,50,5,0,0.024794875,309.3017578125,0.000778916,51.884765625,51.0512122099,"[100.0, 100.0, 100.0, 100.0, 100.0, 100.0, 100.0, 100.0, 100.0, 100.0, 100.0, 100.0]",2,0.0255337618,3.2646241097,1.9663583101,0.4173870574,0.42,0.1626861534,0.0289123692,0.1626861534,4,experiment_20261005_093128
demo_texts,word2vec,dbscan,50,1,0,0.024794875,309.3017578125,0.001063458,54.833984375,89.2963851616,"[33.3, 60.0, 36.8, 26.3, 30.0, 26.3, 27.8, 30.0, 31.6, 73.7, 26.3, 30.0]",2,-1.0,-1.0,-1.0,0.0666666667,0.2,0.0,0.0,0.0,4,experiment_20261005_093128
demo_texts,word2vec,minibatch,50,5,0,0.024794875,309.3017578125,0.004879,78.9794921875,92.6612439456,"[100.0, 100.0, 100.0, 100.0, 100.0, 100.0, 94.1, 100.0, 100.0, 100.0, 100.0, 100.0]",2,0.001673443,3.1805680431,1.5635849113,0.2858608059,0.32,0.1496200741,0.0126386074,0.1496200741,4,experiment_20261005_093128
demo_texts,word2vec,birch,50,1,0,0.024794875,309.3017578125,0.001413708,53.8701171875,92.0695691964,"[93.3, 93.7, 94.1, 94.1, 87.5, 87.5, 100.0, 100.0, 100.0, 100.0, 100.0, 100.0]",2,-1.0,-1.0,-1.0,0.0666666667,0.2,0.0,0.0,0.0,4,experiment_20261005_093128
demo_texts,word2vec,spectral,50,5,0,0.024794875,309.3017578125,0.013168,132.48046875,93.1620575395,"[89.5, 94.4, 94.1, 93.7, 88.9, 88.9, 100.0, 100.0, 100.0, 100.0, 100.0, 100.0]",2,0.0214563012,3.2634537264,2.0124661172,0.3335737235,0.34,0.0763661696,-0.0232266507,0.0763661696,4,experiment_20261005_093128
demo_texts,word2vec,affinity,50,4,0,0.024794875,309.3017578125,0.004234541,143.44921875,42.1414670568,"[100.0, 100.0, 94.4, 93.7, 87.5, 81.3, 100.0, 100.0, 100.0, 100.0, 100.0, 100.0]",2,0.0097787101,3.6467391299,1.6215881771,0.31,0.36,0.1475729686,0.0334900118,0.1475729686,4,experiment_20261005_093128
demo_texts,word2vec,hdbscan,50,0,50,0.024794875,309.3017578125,0.001732458,60.22265625,0.1687299903,"[41.2, 31.2, 26.7, 29.4, 29.4, 25.0, 31.3, 25.0, 62.5, 31.2, 29.4, 31.2]",2,-1.0,-1.0,-1.0,0.0,0.0,0.0,0.0,0.0,4,experiment_20261005_093128
demo_texts,fasttext,kmeans,50,5,0,0.490502833,781814.482421875,0.002612709,78.3134765625,92.4470141659,"[10.0, 9.1, 16.7, 9.1, 8.3, 16.7, 33.3, 16.7, 16.7, 9.1, 41.7, 0.0]",2,-0.0215578247,3.4594347441,1.6210785666,0.3429473051,0.36,0.2113607008,0.0441406806,0.2113607008,4,experiment_20261005_093128
demo_texts,fasttext,parallel_kmeans,50,5,0,0.490502833,781814.482421875,0.022702375,317.466796875,97.3857514641,"[94.4, 94.4, 93.7, 88.2, 93.7, 87.5, 100.0, 100.0, 100.0, 100.0, 100.0, 100.0]",2,0.0223167706,2.6909731835,1.9209477187,0.2863826232,0.32,0.1124800438,-0.0110466722,0.1124800438,4,experiment_20261005_093128
demo_texts,fasttext,hierarchical,50,5,0,0.490502833,781814.482421875,0.000795833,51.884765625,48.2506851396,"[100.0, 100.0, 100.0, 100.0, 100.0, 100.0, 100.0, 100.0, 100.0, 100.0, 100.0, 100.0]",2,0.0077340766,2.8479794064,2.0884795681,0.3650909091,0.42,0.2086707374,0.0683238189,0.2086707374,4,experiment_20261005_093128
demo_texts,fasttext,dbscan,50,1,0,0.490502833,781814.482421875,0.001127709,54.833984375,91.4130178645,"[30.0, 30.0, 25.0, 25.0, 25.0, 28.6, 47.6, 52.6, 25.0, 28.6, 28.6, 21.1]",2,-1.0,-1.0,-1.0,0.0666666667,0.2,0.0,0.0,0.0,4,experiment_20261005_093128
demo_texts,fasttext,minibatch,50,5,0,0.490502833,781814.482421875,0.005484667,78.7900390625,92.4902597748,"[94.1, 94.1, 94.4, 88.2, 94.4, 82.4, 100.0, 94.7, 100.0, 100.0, 100.0, 100.0]",2,0.0384747609,2.5443899798,1.5926649819,0.2577838828,0.3,0.1433552428,-0.0044550134,0.1433552428,4,experiment_20261005_093128
demo_texts,fasttext,birch,50,1,0,0.490502833,781814.482421875,0.001385792,53.8701171875,91.4591870424,"[93.7, 94.1, 94.1, 88.9, 88.2, 93.7, 100.0, 100.0, 100.0, 100.0, 100.0, 100.0]",2,-1.0,-1.0,-1.0,0.0666666667,0.2,0.0,0.0,0.0,4,experiment_20261005_093128
demo_texts,fasttext,spectral,50,5,0,0.490502833,781814.482421875,0.013559,132.740234375,92.9191447998,"[94.4, 94.4, 88.9, 88.2, 88.2, 88.9, 100.0, 100.0, 100.0, 100.0, 100.0, 100.0]",2,0.0083617121,3.2072267906,2.0918209523,0.3526968937,0.36,0.2096902529,0.0580556321,0.2096902529,4,experiment_20261005_093128
demo_texts,fasttext,affinity,50,9,0,0.490502833,781814.482421875,0.004270166,143.44921875,33.000697099,"[94.1, 100.0, 94.1, 94.1, 94.4, 83.3, 100.0, 100.0, 100.0, 100.0, 100.0, 100.0]",2,0.0085102767,1.975743182,1.8351472445,0.3288981772,0.4,0.2500479373,0.0556098062,0.2500479373,4,experiment_20261005_093128
demo_texts,fasttext,hdbscan,50,0,50,0.490502833,781814.482421875,0.001705833,60.3125,1.598132762,"[35.3, 31.6, 22.2, 17.6, 17.6, 17.6, 50.0, 31.2, 26.3, 27.8, 27.8, 29.4]",2,-1.0,-1.0,-1.0,0.0,0.0,0.0,0.0,0.0,4,experiment_20261005_093128
demo_texts,doc2vec,kmeans,50,5,0,0.055758458,318.9501953125,0.002781125,78.173828125,92.4230534504,"[25.0, 9.1, 16.7, 9.1, 8.3, 9.1, 18.2, 8.3, 0.0, 20.0, 45.5, 15.4]",2,0.0100996271,3.5046656034,1.5572498089,0.3059073022,0.32,0.1032567988,-0.0016394282,0.1032567988,4,experiment_20261005_093128
demo_texts,doc2vec,parallel_kmeans,50,5,0,0.055758458,318.9501953125,0.023074209,293.619140625,98.0993823689,"[100.0, 94.4, 93.7, 89.5, 88.2, 88.9, 100.0, 100.0, 100.0, 100.0, 100.0, 100.0]",2,0.0096303457,3.682845435,1.5706002666,0.3277284635,0.34,0.0871397783,-0.0174525574,0.0871397783,4,experiment_20261005_093128
demo_texts,doc2vec,hierarchical,50,5,0,0.055758458,318.9501953125,0.000804209,51.884765625,50.7551546085,"[100.0, 100.0, 100.0, 100.0, 100.0, 100.0, 100.0, 100.0, 100.0, 100.0, 100.0, 100.0]",2,0.0215029791,3.3987313384,1.8116660239,0.3051482429,0.32,0.0812366019,-0.0240914239,0.0812366019,4,experiment_20261005_093128
demo_texts,doc2vec,dbscan,50,1,0,0.055758458,318.9501953125,0.001138083,54.833984375,91.0101783995,"[35.0, 31.6, 30.0, 26.3, 26.3, 26.3, 26.3, 30.0, 31.6, 42.9, 30.0, 61.1]",2,-1.0,-1.0,-1.0,0.0666666667,0.2,0.0,0.0,0.0,4,experiment_20261005_093128
demo_texts,doc2vec,minibatch,50,5,0,0.055758458,318.9501953125,0.006094042,79.1142578125,91.836192672,"[94.1, 94.1, 87.5, 88.9, 88.2, 88.2, 100.0, 100.0, 100.0, 100.0, 100.0, 100.0]",2,0.0031086118,3.3620380167,1.5095377709,0.2760606061,0.3,0.0968846025,-0.0303178484,0.0968846025,4,experiment_20261005_093128
demo_texts,doc2vec,birch,50,1,0,0.055758458,318.9501953125,0.001461875,53.8701171875,90.535189791,"[100.0, 88.9, 94.4, 94.1, 94.1, 94.1, 100.0, 100.0, 100.0, 100.0, 100.0, 100.0]",2,-1.0,-1.0,-1.0,0.0666666667,0.2,0.0,0.0,0.0,4,experiment_20261005_093128
demo_texts,doc2vec,spectral,50,5,0,0.055758458,318.9501953125,0.0136125,132.283203125,92.9767514087,"[100.0, 100.0, 100.0, 100.0, 100.0, 100.0, 100.0, 100.0, 100.0, 100.0, 100.0, 94.1]",2,0.0117789395,3.3789199531,1.8093994147,0.3383914331,0.34,0.1378456918,0.0050761421,0.1378456918,4,experiment_20261005_093128
demo_texts,doc2vec,affinity,50,9,0,0.055758458,318.9501953125,0.005129334,143.314453125,40.7324852469,"[94.1, 94.1, 94.1, 93.7, 88.2, 88.9, 100.0, 100.0, 100.0, 100.0, 100.0, 100.0]",2,0.0106560579,2.7124405973,1.5165272613,0.2573412698,0.26,0.2219639543,-0.0062987993,0.2219639543,4,experiment_20261005_093128
demo_texts,doc2vec,hdbscan,50,0,50,0.055758458,318.9501953125,0.00182575,60.22265625,1.0604400494,"[35.3, 35.3, 29.4, 23.5, 25.0, 23.5, 64.7, 25.0, 27.8, 25.0, 29.4, 25.0]",2,-1.0,-1.0,-1.0,0.0,0.0,0.0,0.0,0.0,4,experiment_20261005_093128
demo_texts,sentence_bert,kmeans,50,5,0,0.049119916,121.1044921875,0.003424291,261.4853515625,92.4590085919,"[25.0, 16.7, 9.1, 16.7, 16.7, 8.3, 16.7, 8.3, 23.1, 16.7, 9.1, 9.1]",2,0.041649431,2.9481154755,2.8613165751,0.6423226295,0.64,0.5291025307,0.3663793103,0.5291025307,4,experiment_20261005_093128
demo_texts,sentence_bert,parallel_kmeans,50,5,0,0.049119916,121.1044921875,0.024736083,1066.302734375,98.3678125035,"[100.0, 94.1, 94.4, 94.1, 88.2, 83.3, 100.0, 100.0, 100.0, 100.0, 100.0, 100.0]",2,0.0489962101,2.5441870938,3.3348495156,0.7023809524,0.74,0.71339397,0.6072092159,0.71339397,4,experiment_20261005_093128
demo_texts,sentence_bert,hierarchical,50,5,0,0.049119916,121.1044921875,0.00087,162.912109375,52.2170632832,"[100.0, 100.0, 100.0, 100.0, 100.0, 100.0, 100.0, 100.0, 100.0, 100.0, 100.0, 100.0]",2,0.0898950025,2.2716077321,3.9060023292,0.8384736842,0.84,0.7769523377,0.671599378,0.7769523377,4,experiment_20261005_093128
demo_texts,sentence_bert,dbscan,50,0,50,0.049119916,121.1044921875,0.001874167,14.71484375,89.1687552703,"[35.0, 30.0, 30.0, 30.0, 25.0, 26.3, 35.0, 31.6, 75.0, 30.0, 25.0, 28.6]",2,-1.0,-1.0,-1.0,0.0,0.0,0.0,0.0,0.0,4,experiment_20261005_093128
demo_texts,sentence_bert,minibatch,50,5,0,0.049119916,121.1044921875,0.005399833,261.2275390625,91.8996162065,"[100.0, 100.0, 94.4, 100.0, 100.0, 100.0, 100.0, 100.0, 100.0, 100.0, 100.0, 100.0]",2,0.0792744905,2.3202084836,3.674148457,0.7563478317,0.76,0.631551303,0.502864953,0.631551303,4,experiment_20261005_093128
demo_texts,sentence_bert,birch,50,5,0,0.049119916,121.1044921875,0.002382291,406.6953125,91.6755790837,"[94.4, 88.2, 94.1, 94.1, 82.4, 82.4, 100.0, 100.0, 100.0, 100.0, 100.0, 100.0]",2,0.0898950025,2.2716077321,3.9060023292,0.8384736842,0.84,0.7769523377,0.671599378,0.7769523377,4,experiment_20261005_093128
demo_texts,sentence_bert,spectral,50,5,0,0.049119916,121.1044921875,0.016020167,243.55859375,92.6684340985,"[100.0, 100.0, 94.1, 94.1, 88.2, 83.3, 100.0, 100.0, 100.0, 100.0, 100.0, 100.0]",2,0.0591048524,2.5719965053,3.2258354046,0.6376218324,0.68,0.7441753523,0.5693504394,0.7441753523,4,experiment_20261005_093128
demo_texts,sentence_bert,affinity,50,8,0,0.049119916,121.1044921875,0.004766375,353.99609375,38.3323254769,"[93.7, 94.1, 100.0, 88.9, 94.4, 87.5, 100.0, 100.0, 100.0, 100.0, 100.0, 100.0]",2,0.0600384995,2.1127829449,2.9453388154,0.5569067371,0.58,0.6473105272,0.4779874214,0.6473105272,4,experiment_20261005_093128
demo_texts,sentence_bert,hdbscan,50,0,50,0.049119916,121.1044921875,0.002483458,179.85546875,1.4956912016,"[37.5, 35.3, 29.4, 25.0, 25.0, 17.6, 29.4, 64.7, 29.4, 47.1, 25.0, 29.4]",2,-1.0,-1.0,-1.0,0.0,0.0,0.0,0.0,0.0,4,experiment_20261005_093128
demo_texts,tfidf,kmeans,50,5,0,0.002914792,178.9697265625,0.00271775,303.541015625,90.110496399,"[25.0, 16.7, 0.0, 9.1, 9.1, 9.1, 9.1, 15.4, 33.3, 30.8, 8.3, 18.2]",10,0.0046408442,3.8754547501,1.1286969479,0.2718414918,0.34,0.151716353,0.0224782242,0.151716353,5,experiment_20261005_093146
demo_texts,tfidf,parallel_kmeans,50,5,0,0.002914792,178.9697265625,0.020443541,1004.2529296875,92.3720179884,"[100.0, 100.0, 100.0, 100.0, 94.1, 100.0, 100.0, 100.0, 100.0, 100.0, 100.0, 100.0]",10,0.0101367176,2.9911273371,1.2029760447,0.2576015289,0.3,0.1427641546,0.0019246191,0.1427641546,5,experiment_20261005_093146
demo_texts,tfidf,hierarchical,50,5,0,0.002914792,178.9697265625,0.000755625,22.84765625,1.658953387,"[53.3, 51.2, 50.0, 50.0, 52.3, 50.0, 67.4, 50.0, 68.2, 65.9, 50.0, 48.8]",10,0.0122590534,3.6293853131,1.2540156198,0.4040537241,0.42,0.2174312462,0.032113191,0.2174312462,5,experiment_20261005_093146
demo_texts,tfidf,dbscan,50,0,50,0.002914792,178.9697265625,0.00093375,14.66796875,90.6090343638,"[10.0, 5.0, 4.8, 0.0, 0.0, 0.0, 0.0, 0.0, 55.0, 5.0, 0.0, 0.0]",10,-1.0,-1.0,-1.0,0.0,0.0,0.0,0.0,0.0,5,experiment_20261005_093146
demo_texts,tfidf,minibatch,50,5,0,0.002914792,178.9697265625,0.006546041,272.802734375,92.5917482618,"[93.3, 94.1, 93.7, 88.9, 88.2, 87.5, 100.0, 100.0, 100.0, 100.0, 100.0, 100.0]",10,0.0011925364,2.5104474898,1.1060261919,0.232,0.28,0.1691244735,0.0042162071,0.1691244735,5,experiment_20261005_093146
demo_texts,tfidf,birch,50,5,0,0.002914792,178.9697265625,0.002157083,396.75390625,92.2590444772,"[89.5, 94.1, 93.7, 94.1, 88.2, 88.9, 100.0, 100.0, 100.0, 100.0, 100.0, 100.0]",10,0.0122590534,3.6293853131,1.2540156198,0.4040537241,0.42,0.2174312462,0.032113191,0.2174312462,5,experiment_20261005_093146
demo_texts,tfidf,spectral,50,5,0,0.002914792,178.9697265625,0.012573833,92.796875,92.3889288356,"[93.7, 94.1, 89.5, 93.7, 93.7, 88.2, 100.0, 100.0, 100.0, 100.0, 100.0, 100.0]",10,0.0120606496,3.6780410237,1.2575023826,0.3272718561,0.36,0.1711538856,0.0202011907,0.1711538856,5,experiment_20261005_093146
demo_texts,tfidf,affinity,50,13,0,0.002914792,178.9697265625,0.0083235,142.212890625,19.8596023145,"[94.1, 100.0, 93.3, 88.9, 94.1, 88.2, 100.0, 94.1, 100.0, 100.0, 100.0, 100.0]",10,0.0180957994,2.3706446269,1.1597891261,0.2698412698,0.24,0.3017289264,0.0099560761,0.3017289264,5,experiment_20261005_093146
demo_texts,tfidf,hdbscan,50,2,12,0.002914792,178.9697265625,0.002206875,27.60546875,1.3139601505,"[94.1, 64.7, 70.6, 62.5, 66.7, 62.5, 25.0, 26.7, 23.5, 25.0, 61.1, 23.5]",10,-0.0005730935,5.4949919288,1.0028236664,0.1518661519,0.2894736842,0.0692871165,-0.0104615841,0.0692871165,5,experiment_20261005_093146
demo_texts,word2vec,kmeans,50,5,0,0.024218459,306.9892578125,0.002615833,78.1640625,82.8246572058,"[63.6, 58.3, 27.3, 27.3, 16.7, 16.7, 10.0, 10.0, 25.0, 25.0, 0.0, 0.0]",2,0.001397704,3.4378606088,1.5628188901,0.3090669856,0.34,0.112233782,0.0050399806,0.112233782,5,experiment_20261005_093146
demo_texts,word2vec,parallel_kmeans,50,5,0,0.024218459,306.9892578125,0.022758542,251.380859375,98.2576910388,"[100.0, 94.1, 100.0, 100.0, 93.7, 100.0, 100.0, 100.0, 100.0, 100.0, 100.0, 100.0]",2,0.0123356096,3.534307403,1.5871178223,0.3220255349,0.34,0.1488484862,0.0227353464,0.1488484862,5,experiment_20261005_093146
demo_texts,word2vec,hierarchical,50,5,0,0.024218459,306.9892578125,0.000776416,51.884765625,53.4172533303,"[100.0, 100.0, 100.0, 100.0, 100.0, 100.0, 100.0, 100.0, 100.0, 100.0, 100.0, 100.0]",2,0.0255337618,3.2646241097,1.9663583101,0.4173870574,0.42,0.1626861534,0.0289123692,0.1626861534,5,experiment_20261005_093146
demo_texts,word2vec,dbscan,50,1,0,0.024218459,306.9892578125,0.001097334,54.833984375,91.6450820715,"[36.8, 35.0, 30.0, 26.3, 30.0, 25.0, 35.0, 25.0, 30.0, 31.6, 73.7, 30.0]",2,-1.0,-1.0,-1.0,0.0666666667,0.2,0.0,0.0,0.0,5,experiment_20261005_093146
demo_texts,word2vec,minibatch,50,5,0,0.024218459,306.9892578125,0.005626458,79.3388671875,92.5278192714,"[93.8, 94.1, 93.3, 88.2, 87.5, 94.1, 100.0, 100.0, 100.0, 94.1, 100.0, 100.0]",2,0.001673443,3.1805680431,1.5635849113,0.2858608059,0.32,0.1496200741,0.0126386074,0.1496200741,5,experiment_20261005_093146
demo_texts,word2vec,birch,50,1,0,0.024218459,306.9892578125,0.001411791,53.7802734375,91.9812357006,"[94.1, 100.0, 94.1, 93.7, 94.1, 87.5, 100.0, 100.0, 100.0, 100.0, 100.0, 100.0]",2,-1.0,-1.0,-1.0,0.0666666667,0.2,0.0,0.0,0.0,5,experiment_20261005_093146
demo_texts,word2vec,spectral,50,5,0,0.024218459,306.9892578125,0.0152035,132.75390625,93.1861110005,"[94.1, 87.5, 88.2, 94.1, 93.7, 88.2, 100.0, 100.0, 100.0, 100.0, 100.0, 100.0]",2,0.0214563012,3.2634537264,2.0124661172,0.3335737235,0.34,0.0763661696,-0.0232266507,0.0763661696,5,experiment_20261005_093146
demo_texts,word2vec,affinity,50,4,0,0.024218459,306.9892578125,0.004248542,143.26953125,43.1433045603,"[100.0, 94.4, 93.7, 88.2, 88.2, 88.2, 100.0, 100.0, 100.0, 100.0, 100.0, 100.0]",2,0.0097787101,3.6467391299,1.6215881771,0.31,0.36,0.1475729686,0.0334900118,0.1475729686,5,experiment_20261005_093146
demo_texts,word2vec,hdbscan,50,0,50,0.024218459,306.9892578125,0.001812334,60.22265625,1.7350550284,"[41.2, 31.3, 29.4, 29.4, 29.4, 25.0, 47.1, 31.2, 56.3, 37.5, 25.0, 29.4]",2,-1.0,-1.0,-1.0,0.0,0.0,0.0,0.0,0.0,5,experiment_20261005_093146
demo_texts,fasttext,kmeans,50,5,0,0.503935042,781816.068359375,0.002630334,78.1591796875,91.4904434195,"[18.2, 16.7, 15.4, 15.4, 0.0, 8.3, 25.0, 8.3, 54.5, 10.0, 0.0, 0.0]",2,-0.0215578247,3.4594347441,1.6210785666,0.3429473051,0.36,0.2113607008,0.0441406806,0.2113607008,5,experiment_20261005_093146
demo_texts,fasttext,parallel_kmeans,50,5,0,0.503935042,781816.068359375,0.023234583,272.7412109375,95.486143964,"[94.4, 94.4, 88.9, 94.1, 88.9, 82.4, 100.0, 100.0, 100.0, 100.0, 100.0, 100.0]",2,0.0223167706,2.6909731835,1.9209477187,0.2863826232,0.32,0.1124800438,-0.0110466722,0.1124800438,5,experiment_20261005_093146
demo_texts,fasttext,hierarchical,50,5,0,0.503935042,781816.068359375,0.00082225,53.1337890625,43.2321869696,"[100.0, 100.0, 100.0, 100.0, 100.0, 100.0, 100.0, 100.0, 100.0, 100.0, 100.0, 100.0]",2,0.0077340766,2.8479794064,2.0884795681,0.3650909091,0.42,0.2086707374,0.0683238189,0.2086707374,5,experiment_20261005_093146
demo_texts,fasttext,dbscan,50,1,0,0.503935042,781816.068359375,0.00145625,54.833984375,91.7611203162,"[66.7, 42.1, 40.0, 40.0, 38.1, 40.0, 60.0, 26.3, 36.8, 28.6, 25.0, 28.6]",2,-1.0,-1.0,-1.0,0.0666666667,0.2,0.0,0.0,0.0,5,experiment_20261005_093146
demo_texts,fasttext,minibatch,50,5,0,0.503935042,781816.068359375,0.004370959,79.0888671875,91.6737741212,"[94.1, 100.0, 93.7, 88.9, 88.2, 88.2, 100.0, 94.7, 100.0, 100.0, 100.0, 100.0]",2,0.0384747609,2.5443899798,1.5926649819,0.2577838828,0.3,0.1433552428,-0.0044550134,0.1433552428,5,experiment_20261005_093146
demo_texts,fasttext,birch,50,1,0,0.503935042,781816.068359375,0.001392417,53.8251953125,92.035766118,"[94.4, 94.1, 94.4, 94.1, 88.9, 82.4, 100.0, 100.0, 100.0, 100.0, 100.0, 100.0]",2,-1.0,-1.0,-1.0,0.0666666667,0.2,0.0,0.0,0.0,5,experiment_20261005_093146
demo_texts,fasttext,spectral,50,5,0,0.503935042,781816.068359375,0.012395167,132.740234375,93.19562652,"[93.7, 94.4, 88.2, 94.1, 94.1, 84.2, 100.0, 100.0, 100.0, 100.0, 100.0, 100.0]",2,0.0083617121,3.2072267906,2.0918209523,0.3526968937,0.36,0.2096902529,0.0580556321,0.2096902529,5,experiment_20261005_093146
demo_texts,fasttext,affinity,50,9,0,0.503935042,781816.068359375,0.0042735,143.26953125,33.8133717738,"[100.0, 100.0, 94.4, 94.1, 88.9, 88.2, 100.0, 100.0, 100.0, 100.0, 100.0, 100.0]",2,0.0085102767,1.975743182,1.8351472445,0.3288981772,0.4,0.2500479373,0.0556098062,0.2500479373,5,experiment_20261005_093146
demo_texts,fasttext,hdbscan,50,0,50,0.503935042,781816.068359375,0.001715333,60.22265625,1.4578647205,"[25.0, 23.5, 23.5, 22.2, 18.7, 12.5, 25.0, 23.5, 29.4, 27.8, 58.8, 23.5]",2,-1.0,-1.0,-1.0,0.0,0.0,0.0,0.0,0.0,5,experiment_20261005_093146
demo_texts,doc2vec,kmeans,50,5,0,0.054749125,318.0673828125,0.002806667,78.07421875,91.5497665674,"[25.0, 10.0, 16.7, 16.7, 15.4, 16.7, 16.7, 9.1, 36.4, 9.1, 9.1, 8.3]",2,0.0100996271,3.5046656034,1.5572498089,0.3059073022,0.32,0.1032567988,-0.0016394282,0.1032567988,5,experiment_20261005_093146
demo_texts,doc2vec,parallel_kmeans,50,5,0,0.054749125,318.0673828125,0.023245667,278.080078125,97.64117044,"[93.8, 88.9, 88.2, 94.1, 88.2, 76.5, 100.0, 100.0, 100.0, 100.0, 100.0, 100.0]",2,0.0096303457,3.682845435,1.5706002666,0.3277284635,0.34,0.0871397783,-0.0174525574,0.0871397783,5,experiment_20261005_093146
demo_texts,doc2vec,hierarchical,50,5,0,0.054749125,318.0673828125,0.000784541,51.884765625,52.1323717471,"[100.0, 100.0, 100.0, 100.0, 100.0, 100.0, 100.0, 100.0, 100.0, 100.0, 100.0, 100.0]",2,0.0215029791,3.3987313384,1.8116660239,0.3051482429,0.32,0.0812366019,-0.0240914239,0.0812366019,5,experiment_20261005_093146
demo_texts,doc2vec,dbscan,50,1,0,0.054749125,318.0673828125,0.001085709,54.833984375,91.4427063211,"[36.8, 35.0, 31.6, 30.0, 30.0, 26.3, 30.0, 26.3, 30.0, 30.0, 76.2, 26.3]",2,-1.0,-1.0,-1.0,0.0666666667,0.2,0.0,0.0,0.0,5,experiment_20261005_093146
demo_texts,doc2vec,minibatch,50,5,0,0.054749125,318.0673828125,0.005288166,79.0146484375,92.5110664506,"[94.1, 93.3, 93.8, 93.7, 93.3, 87.5, 100.0, 100.0, 100.0, 100.0, 100.0, 100.0]",2,0.0031086118,3.3620380167,1.5095377709,0.2760606061,0.3,0.0968846025,-0.0303178484,0.0968846025,5,experiment_20261005_093146
demo_texts,doc2vec,birch,50,1,0,0.054749125,318.0673828125,0.00141375,53.8701171875,91.5642574624,"[94.4, 94.1, 88.9, 88.2, 88.9, 88.9, 100.0, 100.0, 100.0, 100.0, 100.0, 100.0]",2,-1.0,-1.0,-1.0,0.0666666667,0.2,0.0,0.0,0.0,5,experiment_20261005_093146
demo_texts,doc2vec,spectral,50,5,0,0.054749125,318.0673828125,0.013576125,132.1484375,93.0095984848,"[94.1, 88.9, 94.1, 94.1, 93.7, 88.2, 100.0, 100.0, 100.0, 100.0, 100.0, 100.0]",2,0.0117789395,3.3789199531,1.8093994147,0.3383914331,0.34,0.1378456918,0.0050761421,0.1378456918,5,experiment_20261005_093146
demo_texts,doc2vec,affinity,50,9,0,0.054749125,318.0673828125,0.005117333,143.359375,39.3800033319,"[93.8, 93.7, 100.0, 94.1, 94.4, 88.2, 100.0, 100.0, 100.0, 100.0, 100.0, 100.0]",2,0.0106560579,2.7124405973,1.5165272613,0.2573412698,0.26,0.2219639543,-0.0062987993,0.2219639543,5,experiment_20261005_093146
demo_texts,doc2vec,hdbscan,50,0,50,0.054749125,318.0673828125,0.001836583,60.177734375,1.6753955131,"[43.8, 38.9, 33.3, 25.0, 12.5, 23.5, 52.9, 29.4, 29.4, 35.3, 23.5, 35.3]",2,-1.0,-1.0,-1.0,0.0,0.0,0.0,0.0,0.0,5,experiment_20261005_093146
demo_texts,sentence_bert,kmeans,50,5,0,0.048514167,121.0732421875,0.003436917,261.6650390625,92.1582206205,"[20.0, 27.3, 16.7, 16.7, 16.7, 16.7, 20.0, 9.1, 18.2, 9.1, 9.1, 16.7]",2,0.041649431,2.9481154755,2.8613165751,0.6423226295,0.64,0.5291025307,0.3663793103,0.5291025307,5,experiment_20261005_093146
demo_texts,sentence_bert,parallel_kmeans,50,5,0,0.048514167,121.0732421875,0.025073625,951.6357421875,98.1577177776,"[94.4, 94.4, 94.1, 94.1, 88.2, 88.2, 100.0, 100.0, 100.0, 100.0, 100.0, 100.0]",2,0.0489962101,2.5441870938,3.3348495156,0.7023809524,0.74,0.71339397,0.6072092159,0.71339397,5,experiment_20261005_093146
demo_texts,sentence_bert,hierarchical,50,5,0,0.048514167,121.0732421875,0.000894667,162.8671875,52.0041708594,"[100.0, 100.0, 100.0, 100.0, 100.0, 100.0, 100.0, 100.0, 100.0, 100.0, 100.0, 100.0]",2,0.0898950025,2.2716077321,3.9060023292,0.8384736842,0.84,0.7769523377,0.671599378,0.7769523377,5,experiment_20261005_093146
demo_texts,sentence_bert,dbscan,50,0,50,0.048514167,121.0732421875,0.001550375,14.71484375,91.0664605355,"[36.8, 36.8, 26.3, 30.0, 30.0, 30.0, 63.2, 26.3, 35.0, 42.1, 30.0, 28.6]",2,-1.0,-1.0,-1.0,0.0,0.0,0.0,0.0,0.0,5,experiment_20261005_093146
demo_texts,sentence_bert,minibatch,50,5,0,0.048514167,121.0732421875,0.005362917,261.0927734375,92.2155984681,"[94.1, 88.2, 94.4, 88.2, 94.1, 88.2, 100.0, 100.0, 94.4, 100.0, 100.0, 100.0]",2,0.0792744905,2.3202084836,3.674148457,0.7563478317,0.76,0.631551303,0.502864953,0.631551303,5,experiment_20261005_093146
demo_texts,sentence_bert,birch,50,5,0,0.048514167,121.0732421875,0.002368333,406.6953125,92.5947745009,"[94.4, 94.1, 93.7, 94.1, 94.1, 82.4, 100.0, 100.0, 100.0, 100.0, 100.0, 100.0]",2,0.0898950025,2.2716077321,3.9060023292,0.8384736842,0.84,0.7769523377,0.671599378,0.7769523377,5,experiment_20261005_093146
demo_texts,sentence_bert,spectral,50,5,0,0.048514167,121.0732421875,0.013425,243.15234375,92.1735133644,"[93.7, 94.4, 94.1, 88.9, 87.5, 88.2, 100.0, 100.0, 100.0, 100.0, 100.0, 100.0]",2,0.0591048524,2.5719965053,3.2258354046,0.6376218324,0.68,0.7441753523,0.5693504394,0.7441753523,5,experiment_20261005_093146
demo_texts,sentence_bert,affinity,50,8,0,0.048514167,121.0732421875,0.004798834,353.99609375,37.6486789915,"[94.1, 94.1, 94.4, 88.2, 88.9, 88.2, 100.0, 100.0, 100.0, 100.0, 100.0, 100.0]",2,0.0600384995,2.1127829449,2.9453388154,0.5569067371,0.58,0.6473105272,0.4779874214,0.6473105272,5,experiment_20261005_093146
demo_texts,sentence_bert,hdbscan,50,0,50,0.048514167,121.0732421875,0.002479209,180.03515625,1.4204216972,"[35.3, 29.4, 25.0, 23.5, 23.5, 23.5, 18.8, 29.4, 68.8, 20.0, 27.8, 29.4]",2,-1.0,-1.0,-1.0,0.0,0.0,0.0,0.0,0.0,5,experiment_20261005_093146
demo_texts,tfidf,kmeans,50,5,0,0.002772334,178.876953125,0.002736375,303.49609375,92.1962005855,"[16.7, 16.7, 9.1, 0.0, 0.0, 8.3, 0.0, 25.0, 8.3, 45.5, 9.1, 0.0]",10,0.0046408442,3.8754547501,1.1286969479,0.2718414918,0.34,0.151716353,0.0224782242,0.151716353,6,experiment_20261005_093205
demo_texts,tfidf,parallel_kmeans,50,5,0,0.002772334,178.876953125,0.020799875,945.4677734375,98.1909418684,"[94.1, 94.1, 88.2, 94.1, 94.1, 87.5, 100.0, 100.0, 100.0, 100.0, 100.0, 100.0]",10,0.0101367176,2.9911273371,1.2029760447,0.2576015289,0.3,0.1427641546,0.0019246191,0.1427641546,6,experiment_20261005_093205
demo_texts,tfidf,hierarchical,50,5,0,0.002772334,178.876953125,0.000842917,22.892578125,45.4883818444,"[100.0, 100.0, 100.0, 100.0, 100.0, 100.0, 100.0, 100.0, 100.0, 100.0, 100.0, 100.0]",10,0.0122590534,3.6293853131,1.2540156198,0.4040537241,0.42,0.2174312462,0.032113191,0.2174312462,6,experiment_20261005_093205
demo_texts,tfidf,dbscan,50,0,50,0.002772334,178.876953125,0.001198292,14.66796875,91.4427735662,"[27.8, 30.0, 26.3, 25.0, 21.1, 25.0, 68.4, 25.0, 30.0, 33.3, 21.1, 25.0]",10,-1.0,-1.0,-1.0,0.0,0.0,0.0,0.0,0.0,6,experiment_20261005_093205
demo_texts,tfidf,minibatch,50,5,0,0.002772334,178.876953125,0.006773042,272.9375,92.0244986558,"[94.4, 94.1, 94.1, 88.2, 88.9, 88.2, 100.0, 100.0, 100.0, 94.4, 100.0, 100.0]",10,0.0011925364,2.5104474898,1.1060261919,0.232,0.28,0.1691244735,0.0042162071,0.1691244735,6,experiment_20261005_093205
demo_texts,tfidf,birch,50,5,0,0.002772334,178.876953125,0.00216225,396.708984375,92.2116261598,"[94.1, 94.1, 94.1, 94.1, 88.9, 88.2, 100.0, 100.0, 100.0, 100.0, 100.0, 100.0]",10,0.0122590534,3.6293853131,1.2540156198,0.4040537241,0.42,0.2174312462,0.032113191,0.2174312462,6,experiment_20261005_093205
demo_texts,tfidf,spectral,50,5,0,0.002772334,178.876953125,0.012810709,92.794921875,92.2815531271,"[93.8, 100.0, 94.1, 94.1, 93.7, 82.4, 100.0, 100.0, 100.0, 100.0, 100.0, 100.0]",10,0.0120606496,3.6780410237,1.2575023826,0.3272718561,0.36,0.1711538856,0.0202011907,0.1711538856,6,experiment_20261005_093205
demo_texts,tfidf,affinity,50,13,0,0.002772334,178.876953125,0.008509833,142.16796875,38.4607428482,"[94.4, 94.1, 94.1, 88.9, 82.4, 82.4, 100.0, 100.0, 100.0, 100.0, 100.0, 100.0]",10,0.0180957994,2.3706446269,1.1597891261,0.2698412698,0.24,0.3017289264,0.0099560761,0.3017289264,6,experiment_20261005_093205
demo_texts,tfidf,hdbscan,50,2,12,0.002772334,178.876953125,0.00205375,27.275390625,1.4286596688,"[81.3, 35.3, 35.3, 14.3, 25.0, 23.5, 25.0, 25.0, 38.9, 31.3, 25.0, 60.0]",10,-0.0005730935,5.4949919288,1.0028236664,0.1518661519,0.2894736842,0.0692871165,-0.0104615841,0.0692871165,6,experiment_20261005_093205
demo_texts,word2vec,kmeans,50,5,0,0.024124792,308.3193359375,0.002579167,78.208984375,87.7403951211,"[25.0, 25.0, 18.2, 45.5, 63.6, 9.1, 16.7, 33.3, 18.2, 16.7, 25.0, 16.7]",2,0.001397704,3.4378606088,1.5628188901,0.3090669856,0.34,0.112233782,0.0050399806,0.112233782,6,experiment_20261005_093205
demo_texts,word2vec,parallel_kmeans,50,5,0,0.024124792,308.3193359375,0.022681791,296.9404296875,97.5662377106,"[100.0, 100.0, 94.1, 94.1, 88.9, 88.2, 100.0, 100.0, 100.0, 100.0, 100.0, 100.0]",2,0.0123356096,3.534307403,1.5871178223,0.3220255349,0.34,0.1488484862,0.0227353464,0.1488484862,6,experiment_20261005_093205
demo_texts,word2vec,hierarchical,50,5,0,0.024124792,308.3193359375,0.00080125,51.884765625,53.2520708472,"[100.0, 100.0, 100.0, 100.0, 100.0, 100.0, 100.0, 100.0, 100.0, 100.0, 100.0, 100.0]",2,0.0255337618,3.2646241097,1.9663583101,0.4173870574,0.42,0.1626861534,0.0289123692,0.1626861534,6,experiment_20261005_093205
demo_texts,word2vec,dbscan,50,1,0,0.024124792,308.3193359375,0.001493458,54.833984375,91.235287503,"[42.9, 31.6, 26.3, 31.6, 30.0, 25.0, 31.6, 31.6, 73.7, 27.8, 30.0, 30.0]",2,-1.0,-1.0,-1.0,0.0666666667,0.2,0.0,0.0,0.0,6,experiment_20261005_093205
demo_texts,word2vec,minibatch,50,5,0,0.024124792,308.3193359375,0.007367542,79.953125,92.2711349536,"[93.7, 93.7, 93.7, 94.1, 87.5, 93.7, 100.0, 100.0, 100.0, 94.1, 100.0, 100.0]",2,0.001673443,3.1805680431,1.5635849113,0.2858608059,0.32,0.1496200741,0.0126386074,0.1496200741,6,experiment_20261005_093205
demo_texts,word2vec,birch,50,1,0,0.024124792,308.3193359375,0.001422375,53.6904296875,91.9249275644,"[93.8, 88.9, 94.1, 93.7, 88.2, 87.5, 100.0, 100.0, 100.0, 100.0, 100.0, 100.0]",2,-1.0,-1.0,-1.0,0.0666666667,0.2,0.0,0.0,0.0,6,experiment_20261005_093205
demo_texts,word2vec,spectral,50,5,0,0.024124792,308.3193359375,0.013383333,132.033203125,93.2553190855,"[94.1, 93.7, 94.1, 94.1, 93.7, 87.5, 100.0, 100.0, 100.0, 100.0, 100.0, 100.0]",2,0.0214563012,3.2634537264,2.0124661172,0.3335737235,0.34,0.0763661696,-0.0232266507,0.0763661696,6,experiment_20261005_093205
demo_texts,word2vec,affinity,50,4,0,0.024124792,308.3193359375,0.0043025,143.224609375,38.7892755031,"[93.7, 93.7, 93.7, 94.1, 93.7, 89.5, 100.0, 100.0, 100.0, 100.0, 100.0, 100.0]",2,0.0097787101,3.6467391299,1.6215881771,0.31,0.36,0.1475729686,0.0334900118,0.1475729686,6,experiment_20261005_093205
demo_texts,word2vec,hdbscan,50,0,50,0.024124792,308.3193359375,0.001758917,60.3125,1.646006136,"[35.3, 33.3, 25.0, 23.5, 23.5, 18.8, 29.4, 35.3, 29.4, 64.7, 29.4, 29.4]",2,-1.0,-1.0,-1.0,0.0,0.0,0.0,0.0,0.0,6,experiment_20261005_093205
demo_texts,fasttext,kmeans,50,5,0,0.531652209,781815.828125,0.002534917,78.30859375,92.4098556314,"[15.4, 9.1, 7.7, 8.3, 8.3, 0.0, 0.0, 16.7, 8.3, 9.1, 91.7, 8.3]",2,-0.0215578247,3.4594347441,1.6210785666,0.3429473051,0.36,0.2113607008,0.0441406806,0.2113607008,6,experiment_20261005_093205
demo_texts,fasttext,parallel_kmeans,50,5,0,0.531652209,781815.828125,0.023133042,300.5458984375,97.7422941164,"[100.0, 88.9, 94.1, 88.2, 88.2, 88.9, 100.0, 100.0, 100.0, 100.0, 100.0, 100.0]",2,0.0223167706,2.6909731835,1.9209477187,0.2863826232,0.32,0.1124800438,-0.0110466722,0.1124800438,6,experiment_20261005_093205
demo_texts,fasttext,hierarchical,50,5,0,0.531652209,781815.828125,0.0007835,51.884765625,49.8936288995,"[100.0, 100.0, 100.0, 100.0, 100.0, 100.0, 100.0, 100.0, 100.0, 100.0, 100.0, 100.0]",2,0.0077340766,2.8479794064,2.0884795681,0.3650909091,0.42,0.2086707374,0.0683238189,0.2086707374,6,experiment_20261005_093205
demo_texts,fasttext,dbscan,50,1,0,0.531652209,781815.828125,0.0010765,54.7890625,91.4706906779,"[35.0, 30.0, 30.0, 25.0, 25.0, 28.6, 28.6, 70.0, 25.0, 25.0, 31.6, 30.0]",2,-1.0,-1.0,-1.0,0.0666666667,0.2,0.0,0.0,0.0,6,experiment_20261005_093205
demo_texts,fasttext,minibatch,50,5,0,0.531652209,781815.828125,0.004342,78.9091796875,91.9102484439,"[94.1, 94.1, 88.2, 93.8, 93.7, 88.2, 100.0, 100.0, 100.0, 100.0, 100.0, 100.0]",2,0.0384747609,2.5443899798,1.5926649819,0.2577838828,0.3,0.1433552428,-0.0044550134,0.1433552428,6,experiment_20261005_093205
demo_texts,fasttext,birch,50,1,0,0.531652209,781815.828125,0.001415042,53.7802734375,92.0173221405,"[94.4, 100.0, 94.1, 88.9, 88.9, 88.2, 100.0, 100.0, 100.0, 100.0, 100.0, 100.0]",2,-1.0,-1.0,-1.0,0.0666666667,0.2,0.0,0.0,0.0,6,experiment_20261005_093205
demo_texts,fasttext,spectral,50,5,0,0.531652209,781815.828125,0.012534875,132.302734375,91.9366278177,"[94.1, 88.9, 94.4, 100.0, 88.9, 88.9, 100.0, 100.0, 100.0, 100.0, 100.0, 100.0]",2,0.0083617121,3.2072267906,2.0918209523,0.3526968937,0.36,0.2096902529,0.0580556321,0.2096902529,6,experiment_20261005_093205
demo_texts,fasttext,affinity,50,9,0,0.531652209,781815.828125,0.004252875,143.359375,35.7880875098,"[88.2, 94.1, 94.1, 88.9, 94.1, 82.4, 100.0, 100.0, 100.0, 100.0, 100.0, 100.0]",2,0.0085102767,1.975743182,1.8351472445,0.3288981772,0.4,0.2500479373,0.0556098062,0.2500479373,6,experiment_20261005_093205
demo_texts,fasttext,hdbscan,50,0,50,0.531652209,781815.828125,0.001693666,60.3125,1.339135636,"[35.3, 27.8, 18.7, 17.6, 22.2, 23.5, 27.8, 29.4, 23.5, 64.7, 27.8, 23.5]",2,-1.0,-1.0,-1.0,0.0,0.0,0.0,0.0,0.0,6,experiment_20261005_093205
demo_texts,doc2vec,kmeans,50,5,0,0.054393875,317.9189453125,0.002802458,78.4033203125,90.1720348078,"[0.0, 0.0, 0.0, 0.0, 0.0, 0.0, 0.0, 0.0, 0.0, 0.0, 0.0, 0.0]",2,0.0100996271,3.5046656034,1.5572498089,0.3059073022,0.32,0.1032567988,-0.0016394282,0.1032567988,6,experiment_20261005_093205
demo_texts,doc2vec,parallel_kmeans,50,5,0,0.054393875,317.9189453125,0.026878,241.201171875,90.4578141101,"[100.0, 100.0, 100.0, 100.0, 100.0, 100.0, 100.0, 100.0, 100.0, 100.0, 100.0, 100.0]",2,0.0096303457,3.682845435,1.5706002666,0.3277284635,0.34,0.0871397783,-0.0174525574,0.0871397783,6,experiment_20261005_093205
demo_texts,doc2vec,hierarchical,50,5,0,0.054393875,317.9189453125,0.000774292,51.884765625,55.6876382547,"[100.0, 100.0, 100.0, 100.0, 100.0, 100.0, 100.0, 100.0, 100.0, 100.0, 100.0, 100.0]",2,0.0215029791,3.3987313384,1.8116660239,0.3051482429,0.32,0.0812366019,-0.0240914239,0.0812366019,6,experiment_20261005_093205
demo_texts,doc2vec,dbscan,50,1,0,0.054393875,317.9189453125,0.001453834,54.7890625,91.5723999515,"[38.1, 31.6, 30.0, 26.3, 30.0, 30.0, 30.0, 30.0, 30.0, 26.3, 75.0, 33.3]",2,-1.0,-1.0,-1.0,0.0666666667,0.2,0.0,0.0,0.0,6,experiment_20261005_093205
demo_texts,doc2vec,minibatch,50,5,0,0.054393875,317.9189453125,0.005701542,79.1591796875,92.1866144885,"[94.1, 94.1, 94.1, 88.9, 88.9, 82.4, 100.0, 100.0, 100.0, 100.0, 100.0, 100.0]",2,0.0031086118,3.3620380167,1.5095377709,0.2760606061,0.3,0.0968846025,-0.0303178484,0.0968846025,6,experiment_20261005_093205
demo_texts,doc2vec,birch,50,1,0,0.054393875,317.9189453125,0.001421375,53.9638671875,91.6058550631,"[93.7, 94.4, 93.7, 94.1, 100.0, 93.7, 100.0, 100.0, 100.0, 100.0, 100.0, 100.0]",2,-1.0,-1.0,-1.0,0.0666666667,0.2,0.0,0.0,0.0,6,experiment_20261005_093205
demo_texts,doc2vec,spectral,50,5,0,0.054393875,317.9189453125,0.013488542,132.302734375,93.2438751917,"[94.4, 100.0, 94.4, 93.8, 88.2, 88.9, 100.0, 100.0, 100.0, 100.0, 100.0, 100.0]",2,0.0117789395,3.3789199531,1.8093994147,0.3383914331,0.34,0.1378456918,0.0050761421,0.1378456918,6,experiment_20261005_093205
demo_texts,doc2vec,affinity,50,9,0,0.054393875,317.9189453125,0.005086792,143.359375,38.9004933109,"[93.7, 88.9, 87.5, 94.4, 93.7, 94.1, 100.0, 100.0, 100.0, 100.0, 100.0, 100.0]",2,0.0106560579,2.7124405973,1.5165272613,0.2573412698,0.26,0.2219639543,-0.0062987993,0.2219639543,6,experiment_20261005_093205
demo_texts,doc2vec,hdbscan,50,0,50,0.054393875,317.9189453125,0.001841583,60.6875,1.652220627,"[35.3, 31.3, 29.4, 25.0, 23.5, 12.5, 29.4, 37.5, 27.8, 20.0, 66.7, 27.8]",2,-1.0,-1.0,-1.0,0.0,0.0,0.0,0.0,0.0,6,experiment_20261005_093205
demo_texts,sentence_bert,kmeans,50,5,0,0.047422625,121.845703125,0.003120292,261.7099609375,91.525188171,"[27.3, 10.0, 16.7, 8.3, 16.7, 16.7, 9.1, 27.3, 16.7, 9.1, 9.1, 9.1]",2,0.041649431,2.9481154755,2.8613165751,0.6423226295,0.64,0.5291025307,0.3663793103,0.5291025307,6,experiment_20261005_093205
demo_texts,sentence_bert,parallel_kmeans,50,5,0,0.047422625,121.845703125,0.02539775,1068.5048828125,98.3001964664,"[94.1, 88.9, 94.1, 94.4, 88.2, 82.4, 100.0, 100.0, 100.0, 100.0, 100.0, 100.0]",2,0.0489962101,2.5441870938,3.3348495156,0.7023809524,0.74,0.71339397,0.6072092159,0.71339397,6,experiment_20261005_093205
demo_texts,sentence_bert,hierarchical,50,5,0,0.047422625,121.845703125,0.000889417,162.8671875,49.7739145372,"[100.0, 100.0, 100.0, 100.0, 100.0, 100.0, 100.0, 100.0, 100.0, 100.0, 100.0, 100.0]",2,0.0898950025,2.2716077321,3.9060023292,0.8384736842,0.84,0.7769523377,0.671599378,0.7769523377,6,experiment_20261005_093205
demo_texts,sentence_bert,dbscan,50,0,50,0.047422625,121.845703125,0.001885,14.71484375,90.9644674172,"[31.6, 26.3, 30.0, 26.3, 26.3, 26.3, 30.0, 57.9, 40.0, 26.3, 30.0, 30.0]",2,-1.0,-1.0,-1.0,0.0,0.0,0.0,0.0,0.0,6,experiment_20261005_093205
demo_texts,sentence_bert,minibatch,50,5,0,0.047422625,121.845703125,0.005611875,261.0732421875,91.693494696,"[94.4, 94.4, 88.2, 88.2, 88.9, 88.2, 100.0, 100.0, 100.0, 100.0, 100.0, 94.4]",2,0.0792744905,2.3202084836,3.674148457,0.7563478317,0.76,0.631551303,0.502864953,0.631551303,6,experiment_20261005_093205
demo_texts,sentence_bert,birch,50,5,0,0.047422625,121.845703125,0.002385459,406.60546875,92.5183808186,"[94.1, 100.0, 94.4, 100.0, 94.1, 94.1, 100.0, 100.0, 100.0, 100.0, 100.0, 100.0]",2,0.0898950025,2.2716077321,3.9060023292,0.8384736842,0.84,0.7769523377,0.671599378,0.7769523377,6,experiment_20261005_093205
demo_texts,sentence_bert,spectral,50,5,0,0.047422625,121.845703125,0.013351125,242.95703125,92.0354130591,"[94.1, 94.1, 93.7, 94.1, 88.2, 88.2, 100.0, 100.0, 100.0, 100.0, 100.0, 100.0]",2,0.0591048524,2.5719965053,3.2258354046,0.6376218324,0.68,0.7441753523,0.5693504394,0.7441753523,6,experiment_20261005_093205
demo_texts,sentence_bert,affinity,50,8,0,0.047422625,121.845703125,0.004783791,353.90625,37.3868348652,"[94.1, 94.1, 94.1, 94.1, 94.1, 88.9, 100.0, 100.0, 100.0, 100.0, 100.0, 100.0]",2,0.0600384995,2.1127829449,2.9453388154,0.5569067371,0.58,0.6473105272,0.4779874214,0.6473105272,6,experiment_20261005_093205
demo_texts,sentence_bert,hdbscan,50,0,50,0.047422625,121.845703125,0.002500917,179.990234375,1.6114262115,"[31.3, 25.0, 29.4, 17.6, 23.5, 18.8, 18.8, 29.4, 23.5, 61.1, 29.4, 25.0]",2,-1.0,-1.0,-1.0,0.0,0.0,0.0,0.0,0.0,6,experiment_20261005_093205
demo_texts,tfidf,kmeans,50,5,0,0.002524958,178.771484375,0.002726917,303.541015625,91.6366569566,"[25.0, 18.2, 16.7, 16.7, 16.7, 16.7, 16.7, 25.0, 9.1, 16.7, 27.3, 9.1]",10,0.0046408442,3.8754547501,1.1286969479,0.2718414918,0.34,0.151716353,0.0224782242,0.151716353,7,experiment_20261005_093221
demo_texts,tfidf,parallel_kmeans,50,5,0,0.002524958,178.771484375,0.020651708,1016.8203125,98.456038657,"[93.7, 88.2, 93.7, 93.7, 93.7, 88.2, 100.0, 100.0, 100.0, 100.0, 100.0, 100.0]",10,0.0101367176,2.9911273371,1.2029760447,0.2576015289,0.3,0.1427641546,0.0019246191,0.1427641546,7,experiment_20261005_093221
demo_texts,tfidf,hierarchical,50,5,0,0.002524958,178.771484375,0.000847542,22.892578125,47.4625356521,"[100.0, 100.0, 100.0, 100.0, 100.0, 100.0, 100.0, 100.0, 100.0, 100.0, 100.0, 100.0]",10,0.0122590534,3.6293853131,1.2540156198,0.4040537241,0.42,0.2174312462,0.032113191,0.2174312462,7,experiment_20261005_093221
demo_texts,tfidf,dbscan,50,0,50,0.002524958,178.771484375,0.001133875,14.66796875,91.5895416269,"[33.3, 30.0, 23.8, 23.8, 23.8, 23.8, 23.8, 30.0, 61.9, 25.0, 30.0, 36.4]",10,-1.0,-1.0,-1.0,0.0,0.0,0.0,0.0,0.0,7,experiment_20261005_093221
demo_texts,tfidf,minibatch,50,5,0,0.002524958,178.771484375,0.006551041,272.802734375,91.5635104679,"[94.1, 94.1, 93.7, 93.8, 93.7, 88.2, 100.0, 100.0, 100.0, 100.0, 100.0, 100.0]",10,0.0011925364,2.5104474898,1.1060261919,0.232,0.28,0.1691244735,0.0042162071,0.1691244735,7,experiment_20261005_093221
demo_texts,tfidf,birch,50,5,0,0.002524958,178.771484375,0.00217125,396.708984375,91.9310848828,"[93.7, 94.1, 88.9, 94.1, 87.5, 87.5, 100.0, 100.0, 100.0, 100.0, 100.0, 100.0]",10,0.0122590534,3.6293853131,1.2540156198,0.4040537241,0.42,0.2174312462,0.032113191,0.2174312462,7,experiment_20261005_093221
demo_texts,tfidf,spectral,50,5,0,0.002524958,178.771484375,0.012826792,93.55078125,93.0174204729,"[94.1, 94.1, 93.7, 88.2, 89.5, 88.9, 100.0, 100.0, 100.0, 100.0, 100.0, 100.0]",10,0.0120606496,3.6780410237,1.2575023826,0.3272718561,0.36,0.1711538856,0.0202011907,0.1711538856,7,experiment_20261005_093221
demo_texts,tfidf,affinity,50,13,0,0.002524958,178.771484375,0.008472917,142.16796875,40.381140525,"[94.4, 94.1, 94.4, 94.1, 93.7, 93.7, 100.0, 100.0, 100.0, 100.0, 100.0, 100.0]",10,0.0180957994,2.3706446269,1.1597891261,0.2698412698,0.24,0.3017289264,0.0099560761,0.3017289264,7,experiment_20261005_093221
demo_texts,tfidf,hdbscan,50,2,12,0.002524958,178.771484375,0.002086375,27.185546875,1.5826154016,"[40.0, 37.5, 25.0, 25.0, 23.5, 23.5, 20.0, 31.3, 26.7, 62.5, 29.4, 26.7]",10,-0.0005730935,5.4949919288,1.0028236664,0.1518661519,0.2894736842,0.0692871165,-0.0104615841,0.0692871165,7,experiment_20261005_093221
demo_texts,word2vec,kmeans,50,5,0,0.0245085,308.3251953125,0.003147667,78.34375,91.846112232,"[30.8, 9.1, 9.1, 16.7, 8.3, 8.3, 15.4, 16.7, 8.3, 8.3, 25.0, 8.3]",2,0.001397704,3.4378606088,1.5628188901,0.3090669856,0.34,0.112233782,0.0050399806,0.112233782,7,experiment_20261005_093221
demo_texts,word2vec,parallel_kmeans,50,5,0,0.0245085,308.3251953125,0.023656041,303.103515625,98.241109179,"[93.7, 93.8, 88.2, 88.2, 88.2, 93.7, 100.0, 100.0, 100.0, 100.0, 100.0, 100.0]",2,0.0123356096,3.534307403,1.5871178223,0.3220255349,0.34,0.1488484862,0.0227353464,0.1488484862,7,experiment_20261005_093221
demo_texts,word2vec,hierarchical,50,5,0,0.0245085,308.3251953125,0.000794417,51.83984375,53.9081016545,"[100.0, 100.0, 100.0, 100.0, 100.0, 100.0, 100.0, 100.0, 100.0, 100.0, 100.0, 100.0]",2,0.0255337618,3.2646241097,1.9663583101,0.4173870574,0.42,0.1626861534,0.0289123692,0.1626861534,7,experiment_20261005_093221
demo_texts,word2vec,dbscan,50,1,0,0.0245085,308.3251953125,0.001124292,54.833984375,91.6594557051,"[38.9, 36.8, 27.8, 31.6, 27.8, 26.3, 31.6, 31.6, 30.0, 31.6, 73.7, 27.8]",2,-1.0,-1.0,-1.0,0.0666666667,0.2,0.0,0.0,0.0,7,experiment_20261005_093221
demo_texts,word2vec,minibatch,50,5,0,0.0245085,308.3251953125,0.005445125,79.1142578125,92.2562005536,"[93.7, 94.4, 88.9, 88.9, 88.9, 88.2, 100.0, 100.0, 100.0, 100.0, 100.0, 100.0]",2,0.001673443,3.1805680431,1.5635849113,0.2858608059,0.32,0.1496200741,0.0126386074,0.1496200741,7,experiment_20261005_093221
demo_texts,word2vec,birch,50,1,0,0.0245085,308.3251953125,0.001397792,53.8701171875,91.0419474594,"[94.4, 93.7, 100.0, 93.7, 87.5, 87.5, 100.0, 100.0, 100.0, 100.0, 100.0, 100.0]",2,-1.0,-1.0,-1.0,0.0666666667,0.2,0.0,0.0,0.0,7,experiment_20261005_093221
demo_texts,word2vec,spectral,50,5,0,0.0245085,308.3251953125,0.01320925,132.16796875,93.0330860122,"[93.7, 94.1, 88.9, 88.2, 94.1, 82.4, 100.0, 100.0, 100.0, 100.0, 100.0, 100.0]",2,0.0214563012,3.2634537264,2.0124661172,0.3335737235,0.34,0.0763661696,-0.0232266507,0.0763661696,7,experiment_20261005_093221
demo_texts,word2vec,affinity,50,4,0,0.0245085,308.3251953125,0.004236917,143.224609375,39.8866570507,"[94.1, 93.8, 93.7, 100.0, 88.2, 82.4, 100.0, 100.0, 100.0, 100.0, 100.0, 100.0]",2,0.0097787101,3.6467391299,1.6215881771,0.31,0.36,0.1475729686,0.0334900118,0.1475729686,7,experiment_20261005_093221
demo_texts,word2vec,hdbscan,50,0,50,0.0245085,308.3251953125,0.00176125,60.3125,0.2102589452,"[41.2, 35.3, 25.0, 29.4, 29.4, 23.5, 29.4, 41.2, 52.9, 25.0, 25.0, 25.0]",2,-1.0,-1.0,-1.0,0.0,0.0,0.0,0.0,0.0,7,experiment_20261005_093221
demo_texts,fasttext,kmeans,50,5,0,0.490573334,781814.71484375,0.002894166,78.5234375,85.4024265792,"[18.2, 58.3, 16.7, 54.5, 0.0, 9.1, 8.3, 16.7, 0.0, 27.3, 50.0, 9.1]",2,-0.0215578247,3.4594347441,1.6210785666,0.3429473051,0.36,0.2113607008,0.0441406806,0.2113607008,7,experiment_20261005_093221
demo_texts,fasttext,parallel_kmeans,50,5,0,0.490573334,781814.71484375,0.022865583,269.7978515625,97.9869387684,"[94.4, 94.1, 94.1, 88.9, 88.2, 88.2, 100.0, 100.0, 100.0, 100.0, 100.0, 100.0]",2,0.0223167706,2.6909731835,1.9209477187,0.2863826232,0.32,0.1124800438,-0.0110466722,0.1124800438,7,experiment_20261005_093221
demo_texts,fasttext,hierarchical,50,5,0,0.490573334,781814.71484375,0.000782667,51.884765625,44.0597911093,"[100.0, 100.0, 100.0, 100.0, 100.0, 100.0, 100.0, 100.0, 100.0, 100.0, 100.0, 100.0]",2,0.0077340766,2.8479794064,2.0884795681,0.3650909091,0.42,0.2086707374,0.0683238189,0.2086707374,7,experiment_20261005_093221
demo_texts,fasttext,dbscan,50,1,0,0.490573334,781814.71484375,0.001093666,54.744140625,91.0952318369,"[35.0, 30.0, 25.0, 25.0, 23.8, 23.8, 28.6, 25.0, 25.0, 71.4, 23.8, 23.8]",2,-1.0,-1.0,-1.0,0.0666666667,0.2,0.0,0.0,0.0,7,experiment_20261005_093221
demo_texts,fasttext,minibatch,50,5,0,0.490573334,781814.71484375,0.004309542,78.9345703125,92.5092610151,"[88.2, 94.1, 94.1, 93.7, 88.2, 93.7, 100.0, 100.0, 94.4, 100.0, 100.0, 100.0]",2,0.0384747609,2.5443899798,1.5926649819,0.2577838828,0.3,0.1433552428,-0.0044550134,0.1433552428,7,experiment_20261005_093221
demo_texts,fasttext,birch,50,1,0,0.490573334,781814.71484375,0.001411416,53.8701171875,92.2547150994,"[94.1, 88.2, 94.4, 94.4, 94.1, 83.3, 100.0, 100.0, 100.0, 100.0, 100.0, 100.0]",2,-1.0,-1.0,-1.0,0.0666666667,0.2,0.0,0.0,0.0,7,experiment_20261005_093221
demo_texts,fasttext,spectral,50,5,0,0.490573334,781814.71484375,0.012598792,132.16796875,93.1213330906,"[94.4, 94.4, 94.1, 88.9, 88.2, 88.2, 100.0, 100.0, 100.0, 100.0, 100.0, 100.0]",2,0.0083617121,3.2072267906,2.0918209523,0.3526968937,0.36,0.2096902529,0.0580556321,0.2096902529,7,experiment_20261005_093221
demo_texts,fasttext,affinity,50,9,0,0.490573334,781814.71484375,0.004302125,143.404296875,36.9501855934,"[100.0, 88.2, 100.0, 93.7, 94.4, 94.1, 100.0, 100.0, 100.0, 100.0, 100.0, 100.0]",2,0.0085102767,1.975743182,1.8351472445,0.3288981772,0.4,0.2500479373,0.0556098062,0.2500479373,7,experiment_20261005_093221
demo_texts,fasttext,hdbscan,50,0,50,0.490573334,781814.71484375,0.001700125,60.3125,1.5130623719,"[35.3, 35.3, 23.5, 22.2, 18.7, 22.2, 23.5, 61.1, 25.0, 29.4, 31.3, 27.8]",2,-1.0,-1.0,-1.0,0.0,0.0,0.0,0.0,0.0,7,experiment_20261005_093221
demo_texts,doc2vec,kmeans,50,5,0,0.056077333,318.0576171875,0.003018625,78.2236328125,90.8190643211,"[27.3, 25.0, 16.7, 16.7, 16.7, 0.0, 9.1, 9.1, 16.7, 46.2, 18.2, 0.0]",2,0.0100996271,3.5046656034,1.5572498089,0.3059073022,0.32,0.1032567988,-0.0016394282,0.1032567988,7,experiment_20261005_093221
demo_texts,doc2vec,parallel_kmeans,50,5,0,0.056077333,318.0576171875,0.023213542,280.58984375,98.4847549585,"[93.7, 94.1, 94.1, 88.2, 88.2, 88.2, 100.0, 100.0, 100.0, 100.0, 100.0, 100.0]",2,0.0096303457,3.682845435,1.5706002666,0.3277284635,0.34,0.0871397783,-0.0174525574,0.0871397783,7,experiment_20261005_093221
demo_texts,doc2vec,hierarchical,50,5,0,0.056077333,318.0576171875,0.000810417,51.884765625,50.5703872329,"[100.0, 100.0, 100.0, 100.0, 100.0, 100.0, 100.0, 100.0, 100.0, 100.0, 100.0, 100.0]",2,0.0215029791,3.3987313384,1.8116660239,0.3051482429,0.32,0.0812366019,-0.0240914239,0.0812366019,7,experiment_20261005_093221
demo_texts,doc2vec,dbscan,50,1,0,0.056077333,318.0576171875,0.001266709,54.7890625,91.3016783107,"[31.6, 35.0, 28.6, 30.0, 30.0, 25.0, 28.6, 25.0, 28.6, 45.0, 60.0, 28.6]",2,-1.0,-1.0,-1.0,0.0666666667,0.2,0.0,0.0,0.0,7,experiment_20261005_093221
demo_texts,doc2vec,minibatch,50,5,0,0.056077333,318.0576171875,0.005381291,78.9345703125,92.4332173932,"[88.9, 94.1, 94.1, 94.1, 88.2, 88.2, 100.0, 100.0, 100.0, 100.0, 100.0, 100.0]",2,0.0031086118,3.3620380167,1.5095377709,0.2760606061,0.3,0.0968846025,-0.0303178484,0.0968846025,7,experiment_20261005_093221
demo_texts,doc2vec,birch,50,1,0,0.056077333,318.0576171875,0.00145075,53.8701171875,92.0040119937,"[93.8, 94.1, 93.7, 93.7, 88.9, 93.8, 100.0, 100.0, 100.0, 100.0, 100.0, 100.0]",2,-1.0,-1.0,-1.0,0.0666666667,0.2,0.0,0.0,0.0,7,experiment_20261005_093221
demo_texts,doc2vec,spectral,50,5,0,0.056077333,318.0576171875,0.013515083,131.98828125,93.0233325766,"[94.4, 94.1, 94.4, 88.9, 88.2, 88.9, 100.0, 100.0, 100.0, 100.0, 100.0, 100.0]",2,0.0117789395,3.3789199531,1.8093994147,0.3383914331,0.34,0.1378456918,0.0050761421,0.1378456918,7,experiment_20261005_093221
demo_texts,doc2vec,affinity,50,9,0,0.056077333,318.0576171875,0.005136666,143.44921875,39.1967591397,"[93.7, 94.1, 93.7, 94.1, 93.7, 88.2, 100.0, 100.0, 100.0, 100.0, 100.0, 100.0]",2,0.0106560579,2.7124405973,1.5165272613,0.2573412698,0.26,0.2219639543,-0.0062987993,0.2219639543,7,experiment_20261005_093221
demo_texts,doc2vec,hdbscan,50,0,50,0.056077333,318.0576171875,0.001870166,60.3125,1.5621411823,"[35.3, 29.4, 29.4, 29.4, 23.5, 18.8, 25.0, 35.3, 29.4, 64.7, 35.3, 25.0]",2,-1.0,-1.0,-1.0,0.0,0.0,0.0,0.0,0.0,7,experiment_20261005_093221
demo_texts,sentence_bert,kmeans,50,5,0,0.049860458,120.6611328125,0.003490833,261.919921875,90.5547185822,"[38.5, 50.0, 16.7, 16.7, 25.0, 18.2, 16.7, 25.0, 16.7, 23.1, 23.1, 9.1]",2,0.041649431,2.9481154755,2.8613165751,0.6423226295,0.64,0.5291025307,0.3663793103,0.5291025307,7,experiment_20261005_093221
demo_texts,sentence_bert,parallel_kmeans,50,5,0,0.049860458,120.6611328125,0.025213792,1054.6962890625,97.0140789705,"[100.0, 94.1, 94.4, 88.9, 94.4, 94.1, 100.0, 100.0, 100.0, 100.0, 100.0, 100.0]",2,0.0489962101,2.5441870938,3.3348495156,0.7023809524,0.74,0.71339397,0.6072092159,0.71339397,7,experiment_20261005_093221
demo_texts,sentence_bert,hierarchical,50,5,0,0.049860458,120.6611328125,0.000857584,162.912109375,52.3049858021,"[100.0, 100.0, 100.0, 100.0, 100.0, 100.0, 100.0, 100.0, 100.0, 100.0, 100.0, 100.0]",2,0.0898950025,2.2716077321,3.9060023292,0.8384736842,0.84,0.7769523377,0.671599378,0.7769523377,7,experiment_20261005_093221
demo_texts,sentence_bert,dbscan,50,0,50,0.049860458,120.6611328125,0.001840667,14.71484375,89.6933608706,"[36.8, 35.0, 31.6, 30.0, 26.3, 31.8, 66.7, 28.6, 35.0, 35.0, 28.6, 25.0]",2,-1.0,-1.0,-1.0,0.0,0.0,0.0,0.0,0.0,7,experiment_20261005_093221
demo_texts,sentence_bert,minibatch,50,5,0,0.049860458,120.6611328125,0.005376291,261.1279296875,90.7914261744,"[94.4, 100.0, 94.4, 93.7, 88.2, 94.1, 100.0, 100.0, 100.0, 100.0, 100.0, 100.0]",2,0.0792744905,2.3202084836,3.674148457,0.7563478317,0.76,0.631551303,0.502864953,0.631551303,7,experiment_20261005_093221
demo_texts,sentence_bert,birch,50,5,0,0.049860458,120.6611328125,0.0025745,406.560546875,92.0863510676,"[93.7, 88.9, 100.0, 94.1, 88.2, 87.5, 100.0, 100.0, 100.0, 100.0, 100.0, 100.0]",2,0.0898950025,2.2716077321,3.9060023292,0.8384736842,0.84,0.7769523377,0.671599378,0.7769523377,7,experiment_20261005_093221
demo_texts,sentence_bert,spectral,50,5,0,0.049860458,120.6611328125,0.013634125,243.31640625,93.1411615799,"[88.9, 100.0, 88.9, 94.4, 94.1, 94.1, 100.0, 100.0, 100.0, 100.0, 100.0, 100.0]",2,0.0591048524,2.5719965053,3.2258354046,0.6376218324,0.68,0.7441753523,0.5693504394,0.7441753523,7,experiment_20261005_093221
demo_texts,sentence_bert,affinity,50,8,0,0.049860458,120.6611328125,0.004775458,353.90625,39.4403392227,"[100.0, 94.4, 94.1, 94.1, 88.2, 88.2, 100.0, 100.0, 100.0, 100.0, 100.0, 100.0]",2,0.0600384995,2.1127829449,2.9453388154,0.5569067371,0.58,0.6473105272,0.4779874214,0.6473105272,7,experiment_20261005_093221
demo_texts,sentence_bert,hdbscan,50,0,50,0.049860458,120.6611328125,0.002505209,180.03515625,1.5744979551,"[50.0, 43.7, 41.2, 37.5, 41.2, 29.4, 29.4, 64.7, 35.3, 29.4, 25.0, 35.3]",2,-1.0,-1.0,-1.0,0.0,0.0,0.0,0.0,0.0,7,experiment_20261005_093221
demo_texts,tfidf,kmeans,50,5,0,0.00253775,179.2783203125,0.00266475,303.49609375,89.9321958632,"[16.7, 16.7, 9.1, 0.0, 15.4, 15.4, 9.1, 30.8, 9.1, 16.7, 25.0, 16.7]",10,0.0046408442,3.8754547501,1.1286969479,0.2718414918,0.34,0.151716353,0.0224782242,0.151716353,8,experiment_20261005_093237
demo_texts,tfidf,parallel_kmeans,50,5,0,0.00253775,179.2783203125,0.020039791,978.54296875,90.8034347877,"[65.9, 54.5, 54.5, 51.1, 46.5, 46.5, 71.1, 45.5, 46.7, 45.5, 45.5, 75.0]",10,0.0101367176,2.9911273371,1.2029760447,0.2576015289,0.3,0.1427641546,0.0019246191,0.1427641546,8,experiment_20261005_093237
demo_texts,tfidf,hierarchical,50,5,0,0.00253775,179.2783203125,0.000843,22.84765625,47.147762856,"[94.4, 94.1, 94.4, 93.7, 94.1, 94.1, 94.4, 94.1, 94.1, 94.1, 94.4, 100.0]",10,0.0122590534,3.6293853131,1.2540156198,0.4040537241,0.42,0.2174312462,0.032113191,0.2174312462,8,experiment_20261005_093237
demo_texts,tfidf,dbscan,50,0,50,0.00253775,179.2783203125,0.001123375,14.623046875,91.6955091108,"[26.3, 25.0, 25.0, 25.0, 25.0, 23.8, 25.0, 75.0, 25.0, 25.0, 21.1, 25.0]",10,-1.0,-1.0,-1.0,0.0,0.0,0.0,0.0,0.0,8,experiment_20261005_093237
demo_texts,tfidf,minibatch,50,5,0,0.00253775,179.2783203125,0.006467625,272.7578125,92.7282226615,"[94.1, 94.1, 93.7, 94.1, 88.2, 87.5, 100.0, 100.0, 100.0, 94.1, 100.0, 94.4]",10,0.0011925364,2.5104474898,1.1060261919,0.232,0.28,0.1691244735,0.0042162071,0.1691244735,8,experiment_20261005_093237
demo_texts,tfidf,birch,50,5,0,0.00253775,179.2783203125,0.002147666,396.75390625,91.8461852558,"[94.4, 94.1, 94.4, 94.1, 88.2, 88.2, 100.0, 100.0, 100.0, 100.0, 100.0, 100.0]",10,0.0122590534,3.6293853131,1.2540156198,0.4040537241,0.42,0.2174312462,0.032113191,0.2174312462,8,experiment_20261005_093237
demo_texts,tfidf,spectral,50,5,0,0.00253775,179.2783203125,0.012602541,92.966796875,92.9138965259,"[100.0, 93.7, 94.1, 94.1, 83.3, 82.4, 100.0, 100.0, 100.0, 100.0, 100.0, 100.0]",10,0.0120606496,3.6780410237,1.2575023826,0.3272718561,0.36,0.1711538856,0.0202011907,0.1711538856,8,experiment_20261005_093237
demo_texts,tfidf,affinity,50,13,0,0.00253775,179.2783203125,0.008463,142.212890625,35.5233856888,"[94.4, 94.4, 94.1, 94.4, 88.2, 94.1, 100.0, 100.0, 100.0, 100.0, 100.0, 100.0]",10,0.0180957994,2.3706446269,1.1597891261,0.2698412698,0.24,0.3017289264,0.0099560761,0.3017289264,8,experiment_20261005_093237
demo_texts,tfidf,hdbscan,50,2,12,0.00253775,179.2783203125,0.0020725,27.6953125,1.6119539563,"[38.9, 23.5, 23.5, 22.2, 18.8, 17.6, 23.5, 58.8, 23.5, 29.4, 23.5, 35.3]",10,-0.0005730935,5.4949919288,1.0028236664,0.1518661519,0.2894736842,0.0692871165,-0.0104615841,0.0692871165,8,experiment_20261005_093237
demo_texts,word2vec,kmeans,50,5,0,0.0249055,309.3017578125,0.003101375,78.208984375,92.3636037045,"[25.0, 9.1, 9.1, 0.0, 15.4, 8.3, 18.2, 16.7, 16.7, 8.3, 15.4, 33.3]",2,0.001397704,3.4378606088,1.5628188901,0.3090669856,0.34,0.112233782,0.0050399806,0.112233782,8,experiment_20261005_093237
demo_texts,word2vec,parallel_kmeans,50,5,0,0.0249055,309.3017578125,0.022968334,299.90234375,98.2067123647,"[94.1, 93.7, 100.0, 88.9, 93.3, 93.7, 100.0, 100.0, 100.0, 100.0, 100.0, 100.0]",2,0.0123356096,3.534307403,1.5871178223,0.3220255349,0.34,0.1488484862,0.0227353464,0.1488484862,8,experiment_20261005_093237
demo_texts,word2vec,hierarchical,50,5,0,0.0249055,309.3017578125,0.00077575,51.884765625,53.6792882919,"[100.0, 100.0, 100.0, 100.0, 100.0, 100.0, 100.0, 100.0, 100.0, 100.0, 100.0, 100.0]",2,0.0255337618,3.2646241097,1.9663583101,0.4173870574,0.42,0.1626861534,0.0289123692,0.1626861534,8,experiment_20261005_093237
demo_texts,word2vec,dbscan,50,1,0,0.0249055,309.3017578125,0.001069541,54.833984375,90.8597671653,"[42.1, 31.6, 30.0, 31.6, 30.0, 30.0, 30.0, 35.0, 30.0, 73.7, 30.0, 30.0]",2,-1.0,-1.0,-1.0,0.0666666667,0.2,0.0,0.0,0.0,8,experiment_20261005_093237
demo_texts,word2vec,minibatch,50,5,0,0.0249055,309.3017578125,0.004692291,79.0888671875,92.5998869432,"[93.7, 94.1, 100.0, 93.7, 88.9, 75.0, 100.0, 100.0, 100.0, 100.0, 100.0, 100.0]",2,0.001673443,3.1805680431,1.5635849113,0.2858608059,0.32,0.1496200741,0.0126386074,0.1496200741,8,experiment_20261005_093237
demo_texts,word2vec,birch,50,1,0,0.0249055,309.3017578125,0.001418042,53.8701171875,91.8258045581,"[94.4, 100.0, 93.7, 88.2, 88.2, 88.2, 100.0, 100.0, 100.0, 100.0, 100.0, 100.0]",2,-1.0,-1.0,-1.0,0.0666666667,0.2,0.0,0.0,0.0,8,experiment_20261005_093237
demo_texts,word2vec,spectral,50,5,0,0.0249055,309.3017578125,0.013180625,132.39453125,93.416214839,"[93.3, 93.8, 94.4, 94.1, 93.8, 88.2, 100.0, 100.0, 100.0, 100.0, 100.0, 100.0]",2,0.0214563012,3.2634537264,2.0124661172,0.3335737235,0.34,0.0763661696,-0.0232266507,0.0763661696,8,experiment_20261005_093237
demo_texts,word2vec,affinity,50,4,0,0.0249055,309.3017578125,0.004216209,143.359375,42.4317964601,"[94.1, 94.1, 93.8, 94.1, 93.7, 82.4, 100.0, 100.0, 100.0, 100.0, 100.0, 100.0]",2,0.0097787101,3.6467391299,1.6215881771,0.31,0.36,0.1475729686,0.0334900118,0.1475729686,8,experiment_20261005_093237
demo_texts,word2vec,hdbscan,50,0,50,0.0249055,309.3017578125,0.0017595,60.3125,0.1842023359,"[43.8, 31.2, 31.2, 23.5, 23.5, 23.5, 29.4, 29.4, 35.3, 64.7, 35.3, 31.2]",2,-1.0,-1.0,-1.0,0.0,0.0,0.0,0.0,0.0,8,experiment_20261005_093237
demo_texts,fasttext,kmeans,50,5,0,0.488799417,781816.021484375,0.002575667,78.25390625,90.3755298465,"[16.7, 25.0, 0.0, 0.0, 0.0, 0.0, 33.3, 15.4, 16.7, 15.4, 0.0, 38.5]",2,-0.0215578247,3.4594347441,1.6210785666,0.3429473051,0.36,0.2113607008,0.0441406806,0.2113607008,8,experiment_20261005_093237
demo_texts,fasttext,parallel_kmeans,50,5,0,0.488799417,781816.021484375,0.022972167,278.3359375,96.0172742879,"[100.0, 100.0, 94.4, 95.0, 94.4, 94.4, 100.0, 100.0, 100.0, 100.0, 100.0, 100.0]",2,0.0223167706,2.6909731835,1.9209477187,0.2863826232,0.32,0.1124800438,-0.0110466722,0.1124800438,8,experiment_20261005_093237
demo_texts,fasttext,hierarchical,50,5,0,0.488799417,781816.021484375,0.0007725,51.83984375,47.3169642972,"[100.0, 100.0, 100.0, 100.0, 100.0, 100.0, 100.0, 100.0, 100.0, 100.0, 100.0, 100.0]",2,0.0077340766,2.8479794064,2.0884795681,0.3650909091,0.42,0.2086707374,0.0683238189,0.2086707374,8,experiment_20261005_093237
demo_texts,fasttext,dbscan,50,1,0,0.488799417,781816.021484375,0.001068292,54.833984375,91.2285729402,"[40.0, 38.1, 50.0, 31.6, 35.0, 33.3, 25.0, 28.6, 33.3, 30.0, 73.7, 26.3]",2,-1.0,-1.0,-1.0,0.0666666667,0.2,0.0,0.0,0.0,8,experiment_20261005_093237
demo_texts,fasttext,minibatch,50,5,0,0.488799417,781816.021484375,0.004391167,79.1494140625,92.6668318635,"[94.4, 94.1, 94.1, 94.1, 88.9, 88.2, 100.0, 100.0, 100.0, 94.4, 100.0, 100.0]",2,0.0384747609,2.5443899798,1.5926649819,0.2577838828,0.3,0.1433552428,-0.0044550134,0.1433552428,8,experiment_20261005_093237
demo_texts,fasttext,birch,50,1,0,0.488799417,781816.021484375,0.001415459,53.8701171875,91.4044170153,"[100.0, 100.0, 94.1, 88.9, 88.2, 87.5, 100.0, 100.0, 100.0, 100.0, 100.0, 100.0]",2,-1.0,-1.0,-1.0,0.0666666667,0.2,0.0,0.0,0.0,8,experiment_20261005_093237
demo_texts,fasttext,spectral,50,5,0,0.488799417,781816.021484375,0.012469625,132.078125,93.1875879041,"[94.4, 88.9, 94.4, 94.1, 88.2, 77.8, 100.0, 100.0, 100.0, 100.0, 100.0, 100.0]",2,0.0083617121,3.2072267906,2.0918209523,0.3526968937,0.36,0.2096902529,0.0580556321,0.2096902529,8,experiment_20261005_093237
demo_texts,fasttext,affinity,50,9,0,0.488799417,781816.021484375,0.00434875,144.05078125,37.904423254,"[94.1, 100.0, 94.1, 88.9, 94.1, 88.2, 100.0, 100.0, 100.0, 100.0, 100.0, 100.0]",2,0.0085102767,1.975743182,1.8351472445,0.3288981772,0.4,0.2500479373,0.0556098062,0.2500479373,8,experiment_20261005_093237
demo_texts,fasttext,hdbscan,50,0,50,0.488799417,781816.021484375,0.00172175,60.22265625,1.6940882881,"[37.5, 31.3, 29.4, 25.0, 23.5, 23.5, 25.0, 25.0, 25.0, 68.8, 25.0, 18.8]",2,-1.0,-1.0,-1.0,0.0,0.0,0.0,0.0,0.0,8,experiment_20261005_093237
demo_texts,doc2vec,kmeans,50,5,0,0.056607917,317.4326171875,0.0027525,78.353515625,92.1481090581,"[16.7, 9.1, 9.1, 8.3, 9.1, 8.3, 25.0, 15.4, 45.5, 9.1, 9.1, 18.2]",2,0.0100996271,3.5046656034,1.5572498089,0.3059073022,0.32,0.1032567988,-0.0016394282,0.1032567988,8,experiment_20261005_093237
demo_texts,doc2vec,parallel_kmeans,50,5,0,0.056607917,317.4326171875,0.023031291,303.3486328125,98.4751594798,"[94.1, 94.1, 88.2, 94.1, 93.7, 87.5, 100.0, 100.0, 100.0, 100.0, 100.0, 100.0]",2,0.0096303457,3.682845435,1.5706002666,0.3277284635,0.34,0.0871397783,-0.0174525574,0.0871397783,8,experiment_20261005_093237
demo_texts,doc2vec,hierarchical,50,5,0,0.056607917,317.4326171875,0.000789125,51.884765625,51.1208068131,"[100.0, 100.0, 100.0, 100.0, 100.0, 100.0, 100.0, 100.0, 100.0, 100.0, 100.0, 100.0]",2,0.0215029791,3.3987313384,1.8116660239,0.3051482429,0.32,0.0812366019,-0.0240914239,0.0812366019,8,experiment_20261005_093237
demo_texts,doc2vec,dbscan,50,1,0,0.056607917,317.4326171875,0.001432084,54.69921875,90.9576884072,"[36.8, 30.0, 26.3, 26.3, 28.6, 25.0, 75.0, 30.0, 26.3, 25.0, 30.0, 30.0]",2,-1.0,-1.0,-1.0,0.0666666667,0.2,0.0,0.0,0.0,8,experiment_20261005_093237
demo_texts,doc2vec,minibatch,50,5,0,0.056607917,317.4326171875,0.00511775,79.3837890625,92.6523986934,"[88.2, 100.0, 88.9, 88.2, 93.7, 87.5, 94.7, 100.0, 100.0, 100.0, 100.0, 100.0]",2,0.0031086118,3.3620380167,1.5095377709,0.2760606061,0.3,0.0968846025,-0.0303178484,0.0968846025,8,experiment_20261005_093237
demo_texts,doc2vec,birch,50,1,0,0.056607917,317.4326171875,0.001406084,53.8701171875,92.0249545189,"[94.1, 93.7, 93.7, 88.2, 93.7, 87.5, 100.0, 100.0, 100.0, 100.0, 100.0, 100.0]",2,-1.0,-1.0,-1.0,0.0666666667,0.2,0.0,0.0,0.0,8,experiment_20261005_093237
demo_texts,doc2vec,spectral,50,5,0,0.056607917,317.4326171875,0.013557083,132.70703125,93.2620623432,"[93.8, 94.4, 94.1, 88.2, 88.9, 88.9, 100.0, 100.0, 100.0, 100.0, 100.0, 100.0]",2,0.0117789395,3.3789199531,1.8093994147,0.3383914331,0.34,0.1378456918,0.0050761421,0.1378456918,8,experiment_20261005_093237
demo_texts,doc2vec,affinity,50,9,0,0.056607917,317.4326171875,0.005116791,143.1796875,36.8475524012,"[100.0, 100.0, 100.0, 94.1, 88.2, 82.4, 100.0, 100.0, 100.0, 100.0, 100.0, 100.0]",2,0.0106560579,2.7124405973,1.5165272613,0.2573412698,0.26,0.2219639543,-0.0062987993,0.2219639543,8,experiment_20261005_093237
demo_texts,doc2vec,hdbscan,50,0,50,0.056607917,317.4326171875,0.0018565,60.22265625,0.5593573988,"[29.4, 29.4, 33.3, 23.5, 23.5, 23.5, 29.4, 23.5, 58.8, 27.8, 23.5, 23.5]",2,-1.0,-1.0,-1.0,0.0,0.0,0.0,0.0,0.0,8,experiment_20261005_093237
demo_texts,sentence_bert,kmeans,50,5,0,0.0489225,120.9951171875,0.003403625,261.4306640625,92.0120022517,"[33.3, 16.7, 8.3, 9.1, 15.4, 16.7, 25.0, 9.1, 16.7, 15.4, 8.3, 9.1]",2,0.041649431,2.9481154755,2.8613165751,0.6423226295,0.64,0.5291025307,0.3663793103,0.5291025307,8,experiment_20261005_093237
demo_texts,sentence_bert,parallel_kmeans,50,5,0,0.0489225,120.9951171875,0.025491625,1056.16015625,97.9953916166,"[93.7, 94.1, 100.0, 89.5, 93.7, 88.2, 100.0, 100.0, 100.0, 100.0, 100.0, 100.0]",2,0.0489962101,2.5441870938,3.3348495156,0.7023809524,0.74,0.71339397,0.6072092159,0.71339397,8,experiment_20261005_093237
demo_texts,sentence_bert,hierarchical,50,5,0,0.0489225,120.9951171875,0.000876416,162.912109375,52.4997846412,"[100.0, 100.0, 100.0, 100.0, 100.0, 100.0, 100.0, 100.0, 100.0, 100.0, 100.0, 100.0]",2,0.0898950025,2.2716077321,3.9060023292,0.8384736842,0.84,0.7769523377,0.671599378,0.7769523377,8,experiment_20261005_093237
demo_texts,sentence_bert,dbscan,50,0,50,0.0489225,120.9951171875,0.001486291,14.71484375,91.1219402455,"[36.8, 38.1, 30.0, 26.3, 25.0, 25.0, 35.0, 30.0, 76.2, 26.3, 26.3, 33.3]",2,-1.0,-1.0,-1.0,0.0,0.0,0.0,0.0,0.0,8,experiment_20261005_093237
demo_texts,sentence_bert,minibatch,50,5,0,0.0489225,120.9951171875,0.005308167,261.0927734375,92.454099484,"[100.0, 93.7, 88.9, 93.7, 94.1, 88.2, 100.0, 94.4, 100.0, 100.0, 100.0, 100.0]",2,0.0792744905,2.3202084836,3.674148457,0.7563478317,0.76,0.631551303,0.502864953,0.631551303,8,experiment_20261005_093237
demo_texts,sentence_bert,birch,50,5,0,0.0489225,120.9951171875,0.002526459,406.650390625,90.3603283917,"[94.4, 94.1, 93.7, 88.9, 88.2, 88.2, 100.0, 100.0, 100.0, 100.0, 100.0, 100.0]",2,0.0898950025,2.2716077321,3.9060023292,0.8384736842,0.84,0.7769523377,0.671599378,0.7769523377,8,experiment_20261005_093237
demo_texts,sentence_bert,spectral,50,5,0,0.0489225,120.9951171875,0.013393166,243.228515625,92.2561932143,"[94.1, 94.1, 100.0, 94.1, 94.1, 93.7, 100.0, 100.0, 100.0, 100.0, 100.0, 100.0]",2,0.0591048524,2.5719965053,3.2258354046,0.6376218324,0.68,0.7441753523,0.5693504394,0.7441753523,8,experiment_20261005_093237
demo_texts,sentence_bert,affinity,50,8,0,0.0489225,120.9951171875,0.004790417,353.99609375,34.5449261087,"[94.4, 94.4, 94.4, 100.0, 94.1, 88.2, 100.0, 100.0, 100.0, 100.0, 100.0, 100.0]",2,0.0600384995,2.1127829449,2.9453388154,0.5569067371,0.58,0.6473105272,0.4779874214,0.6473105272,8,experiment_20261005_093237
demo_texts,sentence_bert,hdbscan,50,0,50,0.0489225,120.9951171875,0.002673125,180.03515625,1.395774567,"[26.7, 25.0, 18.8, 22.2, 23.5, 22.2, 58.8, 25.0, 23.5, 23.5, 25.0, 29.4]",2,-1.0,-1.0,-1.0,0.0,0.0,0.0,0.0,0.0,8,experiment_20261005_093237
demo_texts,tfidf,kmeans,50,5,0,0.002919708,179.0205078125,0.002601417,303.49609375,85.3041848255,"[36.4, 18.2, 16.7, 15.4, 9.1, 8.3, 16.7, 8.3, 30.8, 18.2, 9.1, 18.2]",10,0.0046408442,3.8754547501,1.1286969479,0.2718414918,0.34,0.151716353,0.0224782242,0.151716353,9,experiment_20261005_093254
demo_texts,tfidf,parallel_kmeans,50,5,0,0.002919708,179.0205078125,0.022105417,1096.5751953125,98.5157774431,"[94.1, 100.0, 94.1, 100.0, 93.7, 94.1, 100.0, 100.0, 100.0, 100.0, 100.0, 100.0]",10,0.0101367176,2.9911273371,1.2029760447,0.2576015289,0.3,0.1427641546,0.0019246191,0.1427641546,9,experiment_20261005_093254
demo_texts,tfidf,hierarchical,50,5,0,0.002919708,179.0205078125,0.000839167,22.892578125,48.5291942819,"[100.0, 100.0, 100.0, 100.0, 100.0, 100.0, 100.0, 100.0, 100.0, 100.0, 100.0, 100.0]",10,0.0122590534,3.6293853131,1.2540156198,0.4040537241,0.42,0.2174312462,0.032113191,0.2174312462,9,experiment_20261005_093254
demo_texts,tfidf,dbscan,50,0,50,0.002919708,179.0205078125,0.001145708,14.623046875,91.4966877599,"[33.3, 30.0, 28.6, 21.1, 25.0, 25.0, 30.0, 30.0, 26.3, 25.0, 72.7, 28.6]",10,-1.0,-1.0,-1.0,0.0,0.0,0.0,0.0,0.0,9,experiment_20261005_093254
demo_texts,tfidf,minibatch,50,5,0,0.002919708,179.0205078125,0.006691875,272.712890625,91.5957341789,"[93.7, 88.2, 94.1, 94.1, 88.2, 88.9, 100.0, 100.0, 100.0, 100.0, 100.0, 100.0]",10,0.0011925364,2.5104474898,1.1060261919,0.232,0.28,0.1691244735,0.0042162071,0.1691244735,9,experiment_20261005_093254
demo_texts,tfidf,birch,50,5,0,0.002919708,179.0205078125,0.002188708,396.75390625,91.9461627354,"[94.1, 88.9, 88.2, 89.5, 94.1, 87.5, 100.0, 100.0, 100.0, 100.0, 100.0, 100.0]",10,0.0122590534,3.6293853131,1.2540156198,0.4040537241,0.42,0.2174312462,0.032113191,0.2174312462,9,experiment_20261005_093254
demo_texts,tfidf,spectral,50,5,0,0.002919708,179.0205078125,0.012642959,92.876953125,93.1926748995,"[94.4, 100.0, 94.1, 93.7, 88.2, 77.8, 100.0, 100.0, 100.0, 100.0, 100.0, 100.0]",10,0.0120606496,3.6780410237,1.2575023826,0.3272718561,0.36,0.1711538856,0.0202011907,0.1711538856,9,experiment_20261005_093254
demo_texts,tfidf,affinity,50,13,0,0.002919708,179.0205078125,0.00845475,142.212890625,37.1491166666,"[93.7, 94.1, 94.1, 93.7, 94.1, 93.3, 100.0, 100.0, 100.0, 100.0, 100.0, 100.0]",10,0.0180957994,2.3706446269,1.1597891261,0.2698412698,0.24,0.3017289264,0.0099560761,0.3017289264,9,experiment_20261005_093254
demo_texts,tfidf,hdbscan,50,2,12,0.002919708,179.0205078125,0.002049625,27.185546875,1.5340781388,"[93.7, 35.3, 25.0, 31.2, 29.4, 27.8, 58.8, 29.4, 27.8, 38.9, 25.0, 29.4]",10,-0.0005730935,5.4949919288,1.0028236664,0.1518661519,0.2894736842,0.0692871165,-0.0104615841,0.0692871165,9,experiment_20261005_093254
demo_texts,word2vec,kmeans,50,5,0,0.025028667,307.2021484375,0.003360125,78.1640625,92.019738185,"[30.8, 16.7, 9.1, 9.1, 8.3, 0.0, 16.7, 9.1, 25.0, 0.0, 9.1, 16.7]",2,0.001397704,3.4378606088,1.5628188901,0.3090669856,0.34,0.112233782,0.0050399806,0.112233782,9,experiment_20261005_093254
demo_texts,word2vec,parallel_kmeans,50,5,0,0.025028667,307.2021484375,0.022786583,291.6689453125,98.5965035944,"[93.7, 93.7, 88.2, 94.1, 94.1, 88.2, 100.0, 100.0, 100.0, 100.0, 100.0, 100.0]",2,0.0123356096,3.534307403,1.5871178223,0.3220255349,0.34,0.1488484862,0.0227353464,0.1488484862,9,experiment_20261005_093254
demo_texts,word2vec,hierarchical,50,5,0,0.025028667,307.2021484375,0.000779416,51.83984375,49.9978753518,"[100.0, 100.0, 100.0, 100.0, 100.0, 100.0, 100.0, 100.0, 100.0, 100.0, 100.0, 100.0]",2,0.0255337618,3.2646241097,1.9663583101,0.4173870574,0.42,0.1626861534,0.0289123692,0.1626861534,9,experiment_20261005_093254
demo_texts,word2vec,dbscan,50,1,0,0.025028667,307.2021484375,0.001113375,54.833984375,91.6003384555,"[31.6, 30.0, 31.6, 35.0, 26.3, 26.3, 73.7, 26.3, 26.3, 26.3, 30.0, 30.0]",2,-1.0,-1.0,-1.0,0.0666666667,0.2,0.0,0.0,0.0,9,experiment_20261005_093254
demo_texts,word2vec,minibatch,50,5,0,0.025028667,307.2021484375,0.004780833,79.2939453125,92.6213947568,"[94.1, 100.0, 87.5, 88.2, 93.7, 88.2, 100.0, 100.0, 100.0, 100.0, 100.0, 100.0]",2,0.001673443,3.1805680431,1.5635849113,0.2858608059,0.32,0.1496200741,0.0126386074,0.1496200741,9,experiment_20261005_093254
demo_texts,word2vec,birch,50,1,0,0.025028667,307.2021484375,0.001551041,53.8701171875,91.7919175653,"[100.0, 94.4, 94.7, 94.1, 89.5, 83.3, 100.0, 100.0, 100.0, 100.0, 100.0, 100.0]",2,-1.0,-1.0,-1.0,0.0666666667,0.2,0.0,0.0,0.0,9,experiment_20261005_093254
demo_texts,word2vec,spectral,50,5,0,0.025028667,307.2021484375,0.013136625,132.751953125,93.0936446201,"[93.7, 94.1, 93.7, 88.2, 93.7, 83.3, 100.0, 100.0, 100.0, 100.0, 100.0, 100.0]",2,0.0214563012,3.2634537264,2.0124661172,0.3335737235,0.34,0.0763661696,-0.0232266507,0.0763661696,9,experiment_20261005_093254
demo_texts,word2vec,affinity,50,4,0,0.025028667,307.2021484375,0.004227791,143.44921875,42.3204198579,"[94.1, 93.7, 94.1, 93.8, 93.7, 86.7, 100.0, 100.0, 100.0, 100.0, 100.0, 100.0]",2,0.0097787101,3.6467391299,1.6215881771,0.31,0.36,0.1475729686,0.0334900118,0.1475729686,9,experiment_20261005_093254
demo_texts,word2vec,hdbscan,50,0,50,0.025028667,307.2021484375,0.001729166,60.22265625,1.6012044362,"[31.3, 31.3, 31.2, 29.4, 23.5, 31.2, 31.2, 29.4, 25.0, 25.0, 29.4, 62.5]",2,-1.0,-1.0,-1.0,0.0,0.0,0.0,0.0,0.0,9,experiment_20261005_093254
demo_texts,fasttext,kmeans,50,5,0,0.529560333,781814.677734375,0.002662917,78.2685546875,91.4271136028,"[25.0, 8.3, 15.4, 15.4, 8.3, 8.3, 75.0, 8.3, 9.1, 8.3, 0.0, 20.0]",2,-0.0215578247,3.4594347441,1.6210785666,0.3429473051,0.36,0.2113607008,0.0441406806,0.2113607008,9,experiment_20261005_093254
demo_texts,fasttext,parallel_kmeans,50,5,0,0.529560333,781814.677734375,0.023964041,290.2978515625,98.065278283,"[94.1, 94.1, 88.2, 94.1, 88.2, 82.4, 100.0, 100.0, 100.0, 100.0, 100.0, 100.0]",2,0.0223167706,2.6909731835,1.9209477187,0.2863826232,0.32,0.1124800438,-0.0110466722,0.1124800438,9,experiment_20261005_093254
demo_texts,fasttext,hierarchical,50,5,0,0.529560333,781814.677734375,0.000757125,51.884765625,49.3219405955,"[100.0, 100.0, 100.0, 100.0, 100.0, 100.0, 100.0, 100.0, 100.0, 100.0, 100.0, 100.0]",2,0.0077340766,2.8479794064,2.0884795681,0.3650909091,0.42,0.2086707374,0.0683238189,0.2086707374,9,experiment_20261005_093254
demo_texts,fasttext,dbscan,50,1,0,0.529560333,781814.677734375,0.001470875,54.744140625,91.0779587735,"[33.3, 30.0, 25.0, 25.0, 28.6, 25.0, 60.0, 27.3, 28.6, 27.3, 42.1, 27.3]",2,-1.0,-1.0,-1.0,0.0666666667,0.2,0.0,0.0,0.0,9,experiment_20261005_093254
demo_texts,fasttext,minibatch,50,5,0,0.529560333,781814.677734375,0.004464125,79.3837890625,89.1940992648,"[55.6, 55.6, 50.0, 51.4, 48.6, 50.0, 75.0, 54.3, 55.6, 55.6, 62.2, 72.2]",2,0.0384747609,2.5443899798,1.5926649819,0.2577838828,0.3,0.1433552428,-0.0044550134,0.1433552428,9,experiment_20261005_093254
demo_texts,fasttext,birch,50,1,0,0.529560333,781814.677734375,0.001409292,53.9638671875,91.9902872462,"[94.1, 88.9, 88.9, 83.3, 88.9, 88.2, 100.0, 100.0, 100.0, 100.0, 100.0, 100.0]",2,-1.0,-1.0,-1.0,0.0666666667,0.2,0.0,0.0,0.0,9,experiment_20261005_093254
demo_texts,fasttext,spectral,50,5,0,0.529560333,781814.677734375,0.013274792,132.033203125,92.5437909434,"[94.1, 94.1, 94.4, 87.5, 94.1, 94.1, 100.0, 100.0, 100.0, 100.0, 100.0, 100.0]",2,0.0083617121,3.2072267906,2.0918209523,0.3526968937,0.36,0.2096902529,0.0580556321,0.2096902529,9,experiment_20261005_093254
demo_texts,fasttext,affinity,50,9,0,0.529560333,781814.677734375,0.004282292,143.26953125,35.1656407069,"[100.0, 94.4, 94.1, 94.1, 94.1, 88.2, 100.0, 100.0, 100.0, 100.0, 100.0, 100.0]",2,0.0085102767,1.975743182,1.8351472445,0.3288981772,0.4,0.2500479373,0.0556098062,0.2500479373,9,experiment_20261005_093254
demo_texts,fasttext,hdbscan,50,0,50,0.529560333,781814.677734375,0.00169925,60.552734375,1.4012062636,"[29.4, 25.0, 18.8, 22.2, 17.6, 17.6, 56.3, 23.5, 35.3, 23.5, 23.5, 18.8]",2,-1.0,-1.0,-1.0,0.0,0.0,0.0,0.0,0.0,9,experiment_20261005_093254
demo_texts,doc2vec,kmeans,50,5,0,0.055792375,316.6845703125,0.002799708,78.208984375,84.3179554235,"[90.9, 20.0, 18.2, 16.7, 18.2, 27.3, 9.1, 16.7, 50.0, 9.1, 16.7, 18.2]",2,0.0100996271,3.5046656034,1.5572498089,0.3059073022,0.32,0.1032567988,-0.0016394282,0.1032567988,9,experiment_20261005_093254
demo_texts,doc2vec,parallel_kmeans,50,5,0,0.055792375,316.6845703125,0.023013084,257.7109375,98.4121465069,"[100.0, 100.0, 100.0, 100.0, 100.0, 94.1, 100.0, 100.0, 100.0, 100.0, 100.0, 100.0]",2,0.0096303457,3.682845435,1.5706002666,0.3277284635,0.34,0.0871397783,-0.0174525574,0.0871397783,9,experiment_20261005_093254
demo_texts,doc2vec,hierarchical,50,5,0,0.055792375,316.6845703125,0.000794625,51.884765625,50.7271081752,"[100.0, 100.0, 100.0, 100.0, 100.0, 100.0, 100.0, 100.0, 100.0, 100.0, 100.0, 100.0]",2,0.0215029791,3.3987313384,1.8116660239,0.3051482429,0.32,0.0812366019,-0.0240914239,0.0812366019,9,experiment_20261005_093254
demo_texts,doc2vec,dbscan,50,1,0,0.055792375,316.6845703125,0.001040208,54.7890625,90.5275979547,"[35.0, 31.6, 30.0, 30.0, 25.0, 26.3, 75.0, 28.6, 30.0, 30.0, 28.6, 30.0]",2,-1.0,-1.0,-1.0,0.0666666667,0.2,0.0,0.0,0.0,9,experiment_20261005_093254
demo_texts,doc2vec,minibatch,50,5,0,0.055792375,316.6845703125,0.005096292,78.96484375,92.4482474285,"[100.0, 89.5, 94.1, 93.7, 94.4, 88.2, 100.0, 100.0, 100.0, 100.0, 100.0, 100.0]",2,0.0031086118,3.3620380167,1.5095377709,0.2760606061,0.3,0.0968846025,-0.0303178484,0.0968846025,9,experiment_20261005_093254
demo_texts,doc2vec,birch,50,1,0,0.055792375,316.6845703125,0.001423542,53.8251953125,92.3782980145,"[93.8, 93.7, 94.1, 88.2, 88.2, 93.7, 100.0, 100.0, 100.0, 100.0, 100.0, 100.0]",2,-1.0,-1.0,-1.0,0.0666666667,0.2,0.0,0.0,0.0,9,experiment_20261005_093254
demo_texts,doc2vec,spectral,50,5,0,0.055792375,316.6845703125,0.013592333,132.796875,92.7758618709,"[94.1, 94.1, 88.2, 88.2, 100.0, 88.9, 100.0, 100.0, 100.0, 100.0, 100.0, 100.0]",2,0.0117789395,3.3789199531,1.8093994147,0.3383914331,0.34,0.1378456918,0.0050761421,0.1378456918,9,experiment_20261005_093254
demo_texts,doc2vec,affinity,50,9,0,0.055792375,316.6845703125,0.005092875,143.44921875,40.9118061884,"[94.1, 94.1, 93.7, 94.1, 88.2, 88.2, 100.0, 100.0, 100.0, 100.0, 100.0, 100.0]",2,0.0106560579,2.7124405973,1.5165272613,0.2573412698,0.26,0.2219639543,-0.0062987993,0.2219639543,9,experiment_20261005_093254
demo_texts,doc2vec,hdbscan,50,0,50,0.055792375,316.6845703125,0.001861791,60.267578125,1.6716903903,"[41.2, 31.2, 27.8, 29.4, 18.8, 23.5, 35.3, 64.7, 25.0, 27.8, 25.0, 25.0]",2,-1.0,-1.0,-1.0,0.0,0.0,0.0,0.0,0.0,9,experiment_20261005_093254
demo_texts,sentence_bert,kmeans,50,5,0,0.051761542,121.640625,0.003193833,261.794921875,90.9400298938,"[33.3, 16.7, 16.7, 16.7, 15.4, 9.1, 8.3, 25.0, 16.7, 10.0, 9.1, 16.7]",2,0.041649431,2.9481154755,2.8613165751,0.6423226295,0.64,0.5291025307,0.3663793103,0.5291025307,9,experiment_20261005_093254
demo_texts,sentence_bert,parallel_kmeans,50,5,0,0.051761542,121.640625,0.024756333,1040.51953125,98.2807627127,"[94.1, 94.1, 94.1, 94.1, 93.7, 88.2, 100.0, 100.0, 100.0, 100.0, 100.0, 100.0]",2,0.0489962101,2.5441870938,3.3348495156,0.7023809524,0.74,0.71339397,0.6072092159,0.71339397,9,experiment_20261005_093254
demo_texts,sentence_bert,hierarchical,50,5,0,0.051761542,121.640625,0.0008965,162.912109375,51.0677950741,"[100.0, 100.0, 100.0, 100.0, 100.0, 100.0, 100.0, 100.0, 100.0, 100.0, 100.0, 100.0]",2,0.0898950025,2.2716077321,3.9060023292,0.8384736842,0.84,0.7769523377,0.671599378,0.7769523377,9,experiment_20261005_093254
demo_texts,sentence_bert,dbscan,50,0,50,0.051761542,121.640625,0.001373833,14.625,91.4888263981,"[31.6, 26.3, 30.0, 26.3, 26.3, 25.0, 30.0, 30.0, 26.3, 28.6, 28.6, 75.0]",2,-1.0,-1.0,-1.0,0.0,0.0,0.0,0.0,0.0,9,experiment_20261005_093254
demo_texts,sentence_bert,minibatch,50,5,0,0.051761542,121.640625,0.005306333,260.8037109375,92.57666088,"[94.1, 100.0, 94.1, 88.9, 88.2, 88.2, 100.0, 100.0, 100.0, 100.0, 100.0, 100.0]",2,0.0792744905,2.3202084836,3.674148457,0.7563478317,0.76,0.631551303,0.502864953,0.631551303,9,experiment_20261005_093254
demo_texts,sentence_bert,birch,50,5,0,0.051761542,121.640625,0.002373875,406.6953125,92.3726370379,"[88.2, 94.1, 94.1, 100.0, 94.1, 83.3, 100.0, 100.0, 100.0, 100.0, 100.0, 100.0]",2,0.0898950025,2.2716077321,3.9060023292,0.8384736842,0.84,0.7769523377,0.671599378,0.7769523377,9,experiment_20261005_093254
demo_texts,sentence_bert,spectral,50,5,0,0.051761542,121.640625,0.0133255,243.181640625,92.6026670332,"[94.1, 94.1, 93.7, 88.2, 88.2, 88.2, 100.0, 100.0, 100.0, 100.0, 100.0, 100.0]",2,0.0591048524,2.5719965053,3.2258354046,0.6376218324,0.68,0.7441753523,0.5693504394,0.7441753523,9,experiment_20261005_093254
demo_texts,sentence_bert,affinity,50,8,0,0.051761542,121.640625,0.004779709,353.81640625,34.1932464769,"[94.4, 94.4, 89.5, 94.1, 94.4, 94.1, 100.0, 100.0, 100.0, 100.0, 100.0, 100.0]",2,0.0600384995,2.1127829449,2.9453388154,0.5569067371,0.58,0.6473105272,0.4779874214,0.6473105272,9,experiment_20261005_093254
demo_texts,sentence_bert,hdbscan,50,0,50,0.051761542,121.640625,0.002503375,180.03515625,1.6135801795,"[31.2, 25.0, 31.2, 23.5, 12.5, 17.6, 58.8, 33.3, 25.0, 25.0, 18.7, 23.5]",2,-1.0,-1.0,-1.0,0.0,0.0,0.0,0.0,0.0,9,experiment_20261005_093254
demo_texts,tfidf,kmeans,50,5,0,0.002958458,178.9228515625,0.002765333,303.541015625,92.4518647997,"[27.3, 10.0, 16.7, 8.3, 0.0, 9.1, 0.0, 45.5, 10.0, 16.7, 16.7, 0.0]",10,0.0046408442,3.8754547501,1.1286969479,0.2718414918,0.34,0.151716353,0.0224782242,0.151716353,10,experiment_20261005_093312
demo_texts,tfidf,parallel_kmeans,50,5,0,0.002958458,178.9228515625,0.021168125,947.3876953125,98.4692972722,"[88.9, 94.1, 94.1, 93.8, 88.9, 88.2, 100.0, 100.0, 100.0, 100.0, 100.0, 100.0]",10,0.0101367176,2.9911273371,1.2029760447,0.2576015289,0.3,0.1427641546,0.0019246191,0.1427641546,10,experiment_20261005_093312
demo_texts,tfidf,hierarchical,50,5,0,0.002958458,178.9228515625,0.000853667,22.892578125,45.9234979123,"[100.0, 100.0, 100.0, 100.0, 100.0, 100.0, 100.0, 100.0, 100.0, 100.0, 100.0, 100.0]",10,0.0122590534,3.6293853131,1.2540156198,0.4040537241,0.42,0.2174312462,0.032113191,0.2174312462,10,experiment_20261005_093312
demo_texts,tfidf,dbscan,50,0,50,0.002958458,178.9228515625,0.000952417,14.578125,91.4462336446,"[31.6, 28.6, 28.6, 21.1, 28.6, 25.0, 25.0, 23.8, 25.0, 31.6, 71.4, 23.8]",10,-1.0,-1.0,-1.0,0.0,0.0,0.0,0.0,0.0,10,experiment_20261005_093312
demo_texts,tfidf,minibatch,50,5,0,0.002958458,178.9228515625,0.005628208,272.3837890625,91.5952466416,"[89.5, 94.1, 93.7, 88.2, 93.3, 82.4, 100.0, 100.0, 94.4, 100.0, 100.0, 100.0]",10,0.0011925364,2.5104474898,1.1060261919,0.232,0.28,0.1691244735,0.0042162071,0.1691244735,10,experiment_20261005_093312
demo_texts,tfidf,birch,50,5,0,0.002958458,178.9228515625,0.002209875,396.708984375,92.3966234029,"[100.0, 100.0, 94.4, 94.1, 83.3, 77.8, 100.0, 100.0, 100.0, 100.0, 100.0, 100.0]",10,0.0122590534,3.6293853131,1.2540156198,0.4040537241,0.42,0.2174312462,0.032113191,0.2174312462,10,experiment_20261005_093312
demo_texts,tfidf,spectral,50,5,0,0.002958458,178.9228515625,0.012664833,92.966796875,92.959657565,"[94.1, 94.1, 88.2, 88.9, 93.7, 87.5, 100.0, 100.0, 100.0, 100.0, 100.0, 100.0]",10,0.0120606496,3.6780410237,1.2575023826,0.3272718561,0.36,0.1711538856,0.0202011907,0.1711538856,10,experiment_20261005_093312
demo_texts,tfidf,affinity,50,13,0,0.002958458,178.9228515625,0.008406209,142.123046875,38.2454474049,"[94.1, 94.1, 100.0, 94.1, 94.4, 94.1, 100.0, 100.0, 100.0, 100.0, 100.0, 100.0]",10,0.0180957994,2.3706446269,1.1597891261,0.2698412698,0.24,0.3017289264,0.0099560761,0.3017289264,10,experiment_20261005_093312
demo_texts,tfidf,hdbscan,50,2,12,0.002958458,178.9228515625,0.002093917,27.564453125,1.3465304496,"[25.7, 22.9, 25.0, 19.4, 17.1, 17.1, 48.6, 8.8, 19.4, 44.4, 13.9, 13.9]",10,-0.0005730935,5.4949919288,1.0028236664,0.1518661519,0.2894736842,0.0692871165,-0.0104615841,0.0692871165,10,experiment_20261005_093312
demo_texts,word2vec,kmeans,50,5,0,0.024815542,308.2236328125,0.002774834,78.4033203125,85.9340843075,"[63.6, 100.0, 45.5, 18.2, 18.2, 8.3, 8.3, 16.7, 23.1, 33.3, 8.3, 8.3]",2,0.001397704,3.4378606088,1.5628188901,0.3090669856,0.34,0.112233782,0.0050399806,0.112233782,10,experiment_20261005_093312
demo_texts,word2vec,parallel_kmeans,50,5,0,0.024815542,308.2236328125,0.022881,290.958984375,91.86960927,"[100.0, 100.0, 100.0, 100.0, 94.1, 100.0, 100.0, 100.0, 100.0, 100.0, 100.0, 100.0]",2,0.0123356096,3.534307403,1.5871178223,0.3220255349,0.34,0.1488484862,0.0227353464,0.1488484862,10,experiment_20261005_093312
demo_texts,word2vec,hierarchical,50,5,0,0.024815542,308.2236328125,0.000770167,51.884765625,48.6507860003,"[100.0, 100.0, 100.0, 100.0, 100.0, 100.0, 100.0, 100.0, 100.0, 100.0, 100.0, 100.0]",2,0.0255337618,3.2646241097,1.9663583101,0.4173870574,0.42,0.1626861534,0.0289123692,0.1626861534,10,experiment_20261005_093312
demo_texts,word2vec,dbscan,50,1,0,0.024815542,308.2236328125,0.001129125,54.7890625,89.5936332834,"[75.0, 55.0, 42.1, 36.8, 35.0, 33.3, 26.3, 30.0, 36.8, 26.3, 75.0, 33.3]",2,-1.0,-1.0,-1.0,0.0666666667,0.2,0.0,0.0,0.0,10,experiment_20261005_093312
demo_texts,word2vec,minibatch,50,5,0,0.024815542,308.2236328125,0.0088735,78.83984375,90.4482316178,"[94.1, 100.0, 94.1, 93.7, 93.7, 100.0, 100.0, 100.0, 100.0, 100.0, 100.0, 100.0]",2,0.001673443,3.1805680431,1.5635849113,0.2858608059,0.32,0.1496200741,0.0126386074,0.1496200741,10,experiment_20261005_093312
demo_texts,word2vec,birch,50,1,0,0.024815542,308.2236328125,0.001398458,53.8251953125,92.36495636,"[100.0, 94.1, 100.0, 100.0, 100.0, 94.4, 100.0, 100.0, 100.0, 100.0, 100.0, 100.0]",2,-1.0,-1.0,-1.0,0.0666666667,0.2,0.0,0.0,0.0,10,experiment_20261005_093312
demo_texts,word2vec,spectral,50,5,0,0.024815542,308.2236328125,0.013119375,132.302734375,93.2053916962,"[94.1, 100.0, 94.4, 88.9, 83.3, 87.5, 100.0, 100.0, 100.0, 100.0, 100.0, 100.0]",2,0.0214563012,3.2634537264,2.0124661172,0.3335737235,0.34,0.0763661696,-0.0232266507,0.0763661696,10,experiment_20261005_093312
demo_texts,word2vec,affinity,50,4,0,0.024815542,308.2236328125,0.0042635,143.224609375,41.6695915759,"[100.0, 94.1, 94.1, 94.1, 93.7, 87.5, 100.0, 100.0, 100.0, 100.0, 100.0, 100.0]",2,0.0097787101,3.6467391299,1.6215881771,0.31,0.36,0.1475729686,0.0334900118,0.1475729686,10,experiment_20261005_093312
demo_texts,word2vec,hdbscan,50,0,50,0.024815542,308.2236328125,0.001759708,60.177734375,1.7097841363,"[35.3, 29.4, 25.0, 25.0, 23.5, 23.5, 29.4, 68.7, 35.3, 35.3, 31.2, 29.4]",2,-1.0,-1.0,-1.0,0.0,0.0,0.0,0.0,0.0,10,experiment_20261005_093312
demo_texts,fasttext,kmeans,50,5,0,0.518991416,781816.513671875,0.002630208,78.07421875,85.2234098124,"[25.0, 91.7, 18.2, 27.3, 9.1, 16.7, 8.3, 36.4, 60.0, 18.2, 8.3, 9.1]",2,-0.0215578247,3.4594347441,1.6210785666,0.3429473051,0.36,0.2113607008,0.0441406806,0.2113607008,10,experiment_20261005_093312
demo_texts,fasttext,parallel_kmeans,50,5,0,0.518991416,781816.513671875,0.023452792,301.5322265625,98.5579104537,"[94.1, 94.1, 94.1, 94.4, 94.1, 88.9, 100.0, 100.0, 100.0, 100.0, 100.0, 100.0]",2,0.0223167706,2.6909731835,1.9209477187,0.2863826232,0.32,0.1124800438,-0.0110466722,0.1124800438,10,experiment_20261005_093312
demo_texts,fasttext,hierarchical,50,5,0,0.518991416,781816.513671875,0.000772333,51.884765625,47.2413452778,"[100.0, 100.0, 100.0, 100.0, 100.0, 100.0, 100.0, 100.0, 100.0, 100.0, 100.0, 100.0]",2,0.0077340766,2.8479794064,2.0884795681,0.3650909091,0.42,0.2086707374,0.0683238189,0.2086707374,10,experiment_20261005_093312
demo_texts,fasttext,dbscan,50,1,0,0.518991416,781816.513671875,0.001070959,54.69921875,91.5559237762,"[31.6, 30.0, 28.6, 28.6, 25.0, 25.0, 25.0, 70.0, 35.0, 28.6, 25.0, 25.0]",2,-1.0,-1.0,-1.0,0.0666666667,0.2,0.0,0.0,0.0,10,experiment_20261005_093312
demo_texts,fasttext,minibatch,50,5,0,0.518991416,781816.513671875,0.004404125,79.3837890625,91.2122245396,"[89.5, 94.1, 88.9, 94.1, 88.9, 88.9, 100.0, 100.0, 100.0, 100.0, 100.0, 94.7]",2,0.0384747609,2.5443899798,1.5926649819,0.2577838828,0.3,0.1433552428,-0.0044550134,0.1433552428,10,experiment_20261005_093312
demo_texts,fasttext,birch,50,1,0,0.518991416,781816.513671875,0.001392042,53.7802734375,92.3382675293,"[94.1, 94.1, 93.7, 94.1, 88.2, 83.3, 100.0, 100.0, 100.0, 100.0, 100.0, 100.0]",2,-1.0,-1.0,-1.0,0.0666666667,0.2,0.0,0.0,0.0,10,experiment_20261005_093312
demo_texts,fasttext,spectral,50,5,0,0.518991416,781816.513671875,0.0131415,132.078125,92.3545744404,"[100.0, 94.4, 94.1, 88.9, 88.2, 88.2, 100.0, 100.0, 100.0, 100.0, 100.0, 100.0]",2,0.0083617121,3.2072267906,2.0918209523,0.3526968937,0.36,0.2096902529,0.0580556321,0.2096902529,10,experiment_20261005_093312
demo_texts,fasttext,affinity,50,9,0,0.518991416,781816.513671875,0.004263208,143.224609375,20.1409821011,"[90.0, 95.0, 94.7, 94.7, 90.0, 94.7, 100.0, 100.0, 100.0, 100.0, 100.0, 100.0]",2,0.0085102767,1.975743182,1.8351472445,0.3288981772,0.4,0.2500479373,0.0556098062,0.2500479373,10,experiment_20261005_093312
demo_texts,fasttext,hdbscan,50,0,50,0.518991416,781816.513671875,0.001691542,60.22265625,1.3594618978,"[23.5, 18.7, 17.6, 11.8, 11.8, 11.1, 6.3, 12.5, 47.1, 11.8, 18.8, 16.7]",2,-1.0,-1.0,-1.0,0.0,0.0,0.0,0.0,0.0,10,experiment_20261005_093312
demo_texts,doc2vec,kmeans,50,5,0,0.055088042,318.1259765625,0.002740042,78.1689453125,91.901424275,"[18.2, 10.0, 16.7, 9.1, 0.0, 9.1, 9.1, 45.5, 16.7, 25.0, 8.3, 0.0]",2,0.0100996271,3.5046656034,1.5572498089,0.3059073022,0.32,0.1032567988,-0.0016394282,0.1032567988,10,experiment_20261005_093312
demo_texts,doc2vec,parallel_kmeans,50,5,0,0.055088042,318.1259765625,0.023045125,329.369140625,98.2708215173,"[94.1, 94.4, 88.2, 94.1, 88.9, 88.2, 100.0, 100.0, 100.0, 100.0, 100.0, 100.0]",2,0.0096303457,3.682845435,1.5706002666,0.3277284635,0.34,0.0871397783,-0.0174525574,0.0871397783,10,experiment_20261005_093312
demo_texts,doc2vec,hierarchical,50,5,0,0.055088042,318.1259765625,0.000792333,51.884765625,52.2365321754,"[100.0, 100.0, 100.0, 100.0, 100.0, 100.0, 100.0, 100.0, 100.0, 100.0, 100.0, 100.0]",2,0.0215029791,3.3987313384,1.8116660239,0.3051482429,0.32,0.0812366019,-0.0240914239,0.0812366019,10,experiment_20261005_093312
demo_texts,doc2vec,dbscan,50,1,0,0.055088042,318.1259765625,0.001562292,54.833984375,91.3031811151,"[35.0, 35.0, 33.3, 25.0, 30.0, 26.3, 28.6, 33.3, 30.0, 35.0, 75.0, 25.0]",2,-1.0,-1.0,-1.0,0.0666666667,0.2,0.0,0.0,0.0,10,experiment_20261005_093312
demo_texts,doc2vec,minibatch,50,5,0,0.055088042,318.1259765625,0.005244042,79.1142578125,91.5576830408,"[88.2, 93.7, 93.8, 94.1, 88.9, 88.2, 100.0, 100.0, 100.0, 100.0, 100.0, 100.0]",2,0.0031086118,3.3620380167,1.5095377709,0.2760606061,0.3,0.0968846025,-0.0303178484,0.0968846025,10,experiment_20261005_093312
demo_texts,doc2vec,birch,50,1,0,0.055088042,318.1259765625,0.001412875,53.8701171875,91.9473681413,"[100.0, 94.4, 94.1, 94.1, 87.5, 83.3, 100.0, 100.0, 100.0, 100.0, 100.0, 100.0]",2,-1.0,-1.0,-1.0,0.0666666667,0.2,0.0,0.0,0.0,10,experiment_20261005_093312
demo_texts,doc2vec,spectral,50,5,0,0.055088042,318.1259765625,0.013513792,132.16796875,92.9368995792,"[94.1, 94.1, 93.7, 88.2, 88.2, 88.2, 100.0, 100.0, 100.0, 100.0, 100.0, 100.0]",2,0.0117789395,3.3789199531,1.8093994147,0.3383914331,0.34,0.1378456918,0.0050761421,0.1378456918,10,experiment_20261005_093312
demo_texts,doc2vec,affinity,50,9,0,0.055088042,318.1259765625,0.005102583,143.404296875,39.7534043441,"[94.4, 94.1, 94.4, 94.1, 94.1, 93.7, 100.0, 100.0, 100.0, 100.0, 100.0, 100.0]",2,0.0106560579,2.7124405973,1.5165272613,0.2573412698,0.26,0.2219639543,-0.0062987993,0.2219639543,10,experiment_20261005_093312
demo_texts,doc2vec,hdbscan,50,0,50,0.055088042,318.1259765625,0.001815667,60.267578125,1.5403425407,"[26.7, 29.4, 29.4, 25.0, 23.5, 17.6, 20.0, 35.3, 31.2, 27.8, 25.0, 62.5]",2,-1.0,-1.0,-1.0,0.0,0.0,0.0,0.0,0.0,10,experiment_20261005_093312
demo_texts,sentence_bert,kmeans,50,5,0,0.04971525,121.2998046875,0.00335275,261.7998046875,92.2756752212,"[33.3, 16.7, 15.4, 8.3, 15.4, 9.1, 9.1, 9.1, 16.7, 18.2, 9.1, 15.4]",2,0.041649431,2.9481154755,2.8613165751,0.6423226295,0.64,0.5291025307,0.3663793103,0.5291025307,10,experiment_20261005_093312
demo_texts,sentence_bert,parallel_kmeans,50,5,0,0.04971525,121.2998046875,0.025187958,1067.080078125,98.8966005849,"[94.1, 94.1, 94.1, 94.4, 88.9, 88.2, 100.0, 100.0, 100.0, 100.0, 100.0, 100.0]",2,0.0489962101,2.5441870938,3.3348495156,0.7023809524,0.74,0.71339397,0.6072092159,0.71339397,10,experiment_20261005_093312
demo_texts,sentence_bert,hierarchical,50,5,0,0.04971525,121.2998046875,0.000895,162.8671875,50.385027339,"[100.0, 100.0, 100.0, 100.0, 100.0, 100.0, 100.0, 100.0, 100.0, 100.0, 100.0, 100.0]",2,0.0898950025,2.2716077321,3.9060023292,0.8384736842,0.84,0.7769523377,0.671599378,0.7769523377,10,experiment_20261005_093312
demo_texts,sentence_bert,dbscan,50,0,50,0.04971525,121.2998046875,0.00148375,14.669921875,90.2141806383,"[33.3, 30.0, 30.0, 26.3, 26.3, 26.3, 26.3, 70.0, 31.6, 30.0, 25.0, 30.0]",2,-1.0,-1.0,-1.0,0.0,0.0,0.0,0.0,0.0,10,experiment_20261005_093312
demo_texts,sentence_bert,minibatch,50,5,0,0.04971525,121.2998046875,0.005338,260.728515625,92.6756558463,"[88.9, 88.2, 94.1, 88.9, 88.2, 88.2, 100.0, 100.0, 100.0, 100.0, 100.0, 100.0]",2,0.0792744905,2.3202084836,3.674148457,0.7563478317,0.76,0.631551303,0.502864953,0.631551303,10,experiment_20261005_093312
demo_texts,sentence_bert,birch,50,5,0,0.04971525,121.2998046875,0.00240475,406.6953125,92.3186675504,"[94.1, 94.4, 94.1, 94.1, 94.1, 88.2, 100.0, 100.0, 100.0, 100.0, 100.0, 100.0]",2,0.0898950025,2.2716077321,3.9060023292,0.8384736842,0.84,0.7769523377,0.671599378,0.7769523377,10,experiment_20261005_093312
demo_texts,sentence_bert,spectral,50,5,0,0.04971525,121.2998046875,0.013319083,243.630859375,93.066605834,"[93.7, 94.1, 94.1, 88.2, 88.2, 88.9, 100.0, 100.0, 100.0, 100.0, 100.0, 100.0]",2,0.0591048524,2.5719965053,3.2258354046,0.6376218324,0.68,0.7441753523,0.5693504394,0.7441753523,10,experiment_20261005_093312
demo_texts,sentence_bert,affinity,50,8,0,0.04971525,121.2998046875,0.004745083,353.99609375,38.1305442596,"[94.1, 100.0, 94.1, 93.7, 94.1, 94.1, 100.0, 100.0, 100.0, 100.0, 100.0, 100.0]",2,0.0600384995,2.1127829449,2.9453388154,0.5569067371,0.58,0.6473105272,0.4779874214,0.6473105272,10,experiment_20261005_093312
demo_texts,sentence_bert,hdbscan,50,0,50,0.04971525,121.2998046875,0.002470667,179.9453125,0.2309644261,"[35.3, 35.3, 29.4, 23.5, 23.5, 18.7, 27.8, 29.4, 25.0, 29.4, 37.5, 64.7]",2,-1.0,-1.0,-1.0,0.0,0.0,0.0,0.0,0.0,10,experiment_20261005_093312
demo_texts,tfidf,kmeans,50,5,0,0.002341625,178.8798828125,0.002794542,303.541015625,92.0806541015,"[50.0, 30.0, 16.7, 25.0, 16.7, 16.7, 9.1, 16.7, 33.3, 0.0, 18.2, 9.1]",10,0.0046408442,3.8754547501,1.1286969479,0.2718414918,0.34,0.151716353,0.0224782242,0.151716353,11,experiment_20261005_093327
demo_texts,tfidf,parallel_kmeans,50,5,0,0.002341625,178.8798828125,0.021777083,1124.6328125,98.5590031843,"[94.1, 94.1, 100.0, 93.7, 94.1, 88.2, 100.0, 100.0, 100.0, 100.0, 100.0, 100.0]",10,0.0101367176,2.9911273371,1.2029760447,0.2576015289,0.3,0.1427641546,0.0019246191,0.1427641546,11,experiment_20261005_093327
demo_texts,tfidf,hierarchical,50,5,0,0.002341625,178.8798828125,0.000850209,22.892578125,47.5704997007,"[100.0, 100.0, 100.0, 100.0, 100.0, 100.0, 100.0, 100.0, 100.0, 100.0, 100.0, 100.0]",10,0.0122590534,3.6293853131,1.2540156198,0.4040537241,0.42,0.2174312462,0.032113191,0.2174312462,11,experiment_20261005_093327
demo_texts,tfidf,dbscan,50,0,50,0.002341625,178.8798828125,0.001164833,14.623046875,91.8039851395,"[31.6, 30.0, 21.1, 25.0, 28.6, 25.0, 21.1, 30.0, 21.1, 76.2, 25.0, 28.6]",10,-1.0,-1.0,-1.0,0.0,0.0,0.0,0.0,0.0,11,experiment_20261005_093327
demo_texts,tfidf,minibatch,50,5,0,0.002341625,178.8798828125,0.005778042,273.611328125,92.5804829438,"[88.9, 94.1, 94.4, 88.9, 88.2, 82.4, 100.0, 100.0, 100.0, 100.0, 94.1, 100.0]",10,0.0011925364,2.5104474898,1.1060261919,0.232,0.28,0.1691244735,0.0042162071,0.1691244735,11,experiment_20261005_093327
demo_texts,tfidf,birch,50,5,0,0.002341625,178.8798828125,0.002236333,396.75390625,90.4672554966,"[93.7, 94.4, 94.1, 93.7, 88.2, 94.1, 100.0, 100.0, 100.0, 100.0, 100.0, 100.0]",10,0.0122590534,3.6293853131,1.2540156198,0.4040537241,0.42,0.2174312462,0.032113191,0.2174312462,11,experiment_20261005_093327
demo_texts,tfidf,spectral,50,5,0,0.002341625,178.8798828125,0.012595875,92.921875,92.2870379965,"[100.0, 100.0, 100.0, 100.0, 100.0, 100.0, 100.0, 100.0, 100.0, 100.0, 100.0, 100.0]",10,0.0120606496,3.6780410237,1.2575023826,0.3272718561,0.36,0.1711538856,0.0202011907,0.1711538856,11,experiment_20261005_093327
demo_texts,tfidf,affinity,50,13,0,0.002341625,178.8798828125,0.008459625,142.212890625,38.0657870877,"[94.1, 94.1, 100.0, 94.1, 88.2, 77.8, 100.0, 100.0, 100.0, 100.0, 100.0, 100.0]",10,0.0180957994,2.3706446269,1.1597891261,0.2698412698,0.24,0.3017289264,0.0099560761,0.3017289264,11,experiment_20261005_093327
demo_texts,tfidf,hdbscan,50,2,12,0.002341625,178.8798828125,0.002069916,27.23046875,1.359224075,"[26.7, 33.3, 23.5, 23.5, 23.5, 18.7, 29.4, 23.5, 20.0, 31.2, 62.5, 18.7]",10,-0.0005730935,5.4949919288,1.0028236664,0.1518661519,0.2894736842,0.0692871165,-0.0104615841,0.0692871165,11,experiment_20261005_093327
demo_texts,word2vec,kmeans,50,5,0,0.024729125,308.8193359375,0.002619959,78.4033203125,92.20587537,"[16.7, 9.1, 16.7, 8.3, 0.0, 8.3, 16.7, 9.1, 20.0, 18.2, 0.0, 15.4]",2,0.001397704,3.4378606088,1.5628188901,0.3090669856,0.34,0.112233782,0.0050399806,0.112233782,11,experiment_20261005_093327
demo_texts,word2vec,parallel_kmeans,50,5,0,0.024729125,308.8193359375,0.023348708,336.1396484375,97.9500465283,"[93.7, 93.7, 93.7, 93.7, 88.2, 94.1, 100.0, 100.0, 100.0, 100.0, 100.0, 100.0]",2,0.0123356096,3.534307403,1.5871178223,0.3220255349,0.34,0.1488484862,0.0227353464,0.1488484862,11,experiment_20261005_093327
demo_texts,word2vec,hierarchical,50,5,0,0.024729125,308.8193359375,0.000792958,51.884765625,56.6908519809,"[100.0, 100.0, 100.0, 100.0, 100.0, 100.0, 100.0, 100.0, 100.0, 100.0, 100.0, 100.0]",2,0.0255337618,3.2646241097,1.9663583101,0.4173870574,0.42,0.1626861534,0.0289123692,0.1626861534,11,experiment_20261005_093327
demo_texts,word2vec,dbscan,50,1,0,0.024729125,308.8193359375,0.001080875,54.7890625,91.72142796,"[33.3, 35.0, 35.0, 31.6, 30.0, 33.3, 77.8, 31.6, 26.3, 30.0, 27.8, 35.0]",2,-1.0,-1.0,-1.0,0.0666666667,0.2,0.0,0.0,0.0,11,experiment_20261005_093327
demo_texts,word2vec,minibatch,50,5,0,0.024729125,308.8193359375,0.004701667,79.0244140625,92.3805112434,"[94.1, 94.1, 87.5, 88.9, 93.7, 86.7, 100.0, 100.0, 100.0, 100.0, 100.0, 100.0]",2,0.001673443,3.1805680431,1.5635849113,0.2858608059,0.32,0.1496200741,0.0126386074,0.1496200741,11,experiment_20261005_093327
demo_texts,word2vec,birch,50,1,0,0.024729125,308.8193359375,0.001448791,53.7802734375,91.5137555311,"[87.5, 93.8, 94.1, 93.7, 93.8, 94.1, 100.0, 100.0, 100.0, 100.0, 100.0, 100.0]",2,-1.0,-1.0,-1.0,0.0666666667,0.2,0.0,0.0,0.0,11,experiment_20261005_093327
demo_texts,word2vec,spectral,50,5,0,0.024729125,308.8193359375,0.013291625,132.078125,92.989354647,"[94.1, 88.2, 93.7, 93.3, 94.1, 82.4, 100.0, 100.0, 100.0, 100.0, 100.0, 100.0]",2,0.0214563012,3.2634537264,2.0124661172,0.3335737235,0.34,0.0763661696,-0.0232266507,0.0763661696,11,experiment_20261005_093327
demo_texts,word2vec,affinity,50,4,0,0.024729125,308.8193359375,0.004243541,143.359375,38.8992668352,"[100.0, 100.0, 94.1, 94.4, 83.3, 93.7, 100.0, 100.0, 100.0, 100.0, 100.0, 100.0]",2,0.0097787101,3.6467391299,1.6215881771,0.31,0.36,0.1475729686,0.0334900118,0.1475729686,11,experiment_20261005_093327
demo_texts,word2vec,hdbscan,50,0,50,0.024729125,308.8193359375,0.001760458,60.267578125,1.7021198692,"[35.3, 25.0, 25.0, 20.0, 20.0, 23.5, 62.5, 25.0, 35.3, 35.3, 20.0, 29.4]",2,-1.0,-1.0,-1.0,0.0,0.0,0.0,0.0,0.0,11,experiment_20261005_093327
demo_texts,fasttext,kmeans,50,5,0,0.534335625,781815.625,0.003640333,78.3134765625,92.4199354159,"[25.0, 9.1, 0.0, 9.1, 9.1, 9.1, 9.1, 15.4, 18.2, 9.1, 0.0, 0.0]",2,-0.0215578247,3.4594347441,1.6210785666,0.3429473051,0.36,0.2113607008,0.0441406806,0.2113607008,11,experiment_20261005_093327
demo_texts,fasttext,parallel_kmeans,50,5,0,0.534335625,781815.625,0.023181542,281.921875,98.376363572,"[94.4, 94.4, 94.7, 88.9, 88.9, 83.3, 100.0, 100.0, 100.0, 100.0, 100.0, 100.0]",2,0.0223167706,2.6909731835,1.9209477187,0.2863826232,0.32,0.1124800438,-0.0110466722,0.1124800438,11,experiment_20261005_093327
demo_texts,fasttext,hierarchical,50,5,0,0.534335625,781815.625,0.000787417,51.884765625,47.8562753814,"[100.0, 100.0, 100.0, 100.0, 100.0, 100.0, 100.0, 100.0, 100.0, 100.0, 100.0, 100.0]",2,0.0077340766,2.8479794064,2.0884795681,0.3650909091,0.42,0.2086707374,0.0683238189,0.2086707374,11,experiment_20261005_093327
demo_texts,fasttext,dbscan,50,1,0,0.534335625,781815.625,0.001424708,54.833984375,91.2981694051,"[33.3, 28.6, 28.6, 25.0, 28.6, 25.0, 25.0, 25.0, 76.2, 25.0, 27.3, 25.0]",2,-1.0,-1.0,-1.0,0.0666666667,0.2,0.0,0.0,0.0,11,experiment_20261005_093327
demo_texts,fasttext,minibatch,50,5,0,0.534335625,781815.625,0.004330625,78.8447265625,92.2505472322,"[94.1, 100.0, 94.4, 94.1, 88.2, 83.3, 94.7, 100.0, 100.0, 94.4, 100.0, 100.0]",2,0.0384747609,2.5443899798,1.5926649819,0.2577838828,0.3,0.1433552428,-0.0044550134,0.1433552428,11,experiment_20261005_093327
demo_texts,fasttext,birch,50,1,0,0.534335625,781815.625,0.00145275,53.8701171875,92.0849915032,"[94.4, 94.1, 94.1, 88.9, 88.9, 94.1, 100.0, 100.0, 100.0, 100.0, 100.0, 100.0]",2,-1.0,-1.0,-1.0,0.0666666667,0.2,0.0,0.0,0.0,11,experiment_20261005_093327
demo_texts,fasttext,spectral,50,5,0,0.534335625,781815.625,0.012558292,132.392578125,93.1784827611,"[100.0, 94.1, 94.1, 82.4, 93.7, 88.2, 100.0, 100.0, 100.0, 100.0, 100.0, 100.0]",2,0.0083617121,3.2072267906,2.0918209523,0.3526968937,0.36,0.2096902529,0.0580556321,0.2096902529,11,experiment_20261005_093327
demo_texts,fasttext,affinity,50,9,0,0.534335625,781815.625,0.004271292,143.224609375,35.3260281307,"[94.1, 94.1, 94.4, 94.1, 94.4, 83.3, 100.0, 100.0, 100.0, 100.0, 100.0, 100.0]",2,0.0085102767,1.975743182,1.8351472445,0.3288981772,0.4,0.2500479373,0.0556098062,0.2500479373,11,experiment_20261005_093327
demo_texts,fasttext,hdbscan,50,0,50,0.534335625,781815.625,0.001670541,60.3125,1.4950183923,"[75.0, 55.6, 25.0, 23.5, 33.3, 23.5, 64.7, 27.8, 35.3, 23.5, 18.7, 27.8]",2,-1.0,-1.0,-1.0,0.0,0.0,0.0,0.0,0.0,11,experiment_20261005_093327
demo_texts,doc2vec,kmeans,50,5,0,0.057102708,317.3955078125,0.002957709,78.658203125,91.6939861151,"[25.0, 33.3, 16.7, 16.7, 9.1, 0.0, 8.3, 16.7, 41.7, 23.1, 8.3, 8.3]",2,0.0100996271,3.5046656034,1.5572498089,0.3059073022,0.32,0.1032567988,-0.0016394282,0.1032567988,11,experiment_20261005_093327
demo_texts,doc2vec,parallel_kmeans,50,5,0,0.057102708,317.3955078125,0.022896042,276.740234375,98.3390032165,"[93.7, 93.7, 93.8, 94.1, 83.3, 83.3, 100.0, 100.0, 100.0, 100.0, 100.0, 100.0]",2,0.0096303457,3.682845435,1.5706002666,0.3277284635,0.34,0.0871397783,-0.0174525574,0.0871397783,11,experiment_20261005_093327
demo_texts,doc2vec,hierarchical,50,5,0,0.057102708,317.3955078125,0.00079325,51.884765625,47.8340336362,"[100.0, 100.0, 100.0, 100.0, 100.0, 100.0, 100.0, 100.0, 100.0, 100.0, 100.0, 100.0]",2,0.0215029791,3.3987313384,1.8116660239,0.3051482429,0.32,0.0812366019,-0.0240914239,0.0812366019,11,experiment_20261005_093327
demo_texts,doc2vec,dbscan,50,1,0,0.057102708,317.3955078125,0.001082708,54.833984375,91.5213655634,"[38.1, 26.3, 25.0, 25.0, 30.0, 26.3, 75.0, 22.2, 26.3, 25.0, 28.6, 28.6]",2,-1.0,-1.0,-1.0,0.0666666667,0.2,0.0,0.0,0.0,11,experiment_20261005_093327
demo_texts,doc2vec,minibatch,50,5,0,0.057102708,317.3955078125,0.005030792,79.3388671875,92.5103800465,"[93.7, 94.4, 100.0, 93.7, 83.3, 83.3, 100.0, 100.0, 100.0, 100.0, 100.0, 100.0]",2,0.0031086118,3.3620380167,1.5095377709,0.2760606061,0.3,0.0968846025,-0.0303178484,0.0968846025,11,experiment_20261005_093327
demo_texts,doc2vec,birch,50,1,0,0.057102708,317.3955078125,0.001423334,53.8701171875,91.0919489739,"[94.1, 93.7, 88.9, 88.2, 94.1, 87.5, 100.0, 100.0, 100.0, 100.0, 100.0, 100.0]",2,-1.0,-1.0,-1.0,0.0666666667,0.2,0.0,0.0,0.0,11,experiment_20261005_093327
demo_texts,doc2vec,spectral,50,5,0,0.057102708,317.3955078125,0.013644791,132.033203125,93.2572220747,"[88.9, 100.0, 93.7, 88.9, 93.7, 88.9, 100.0, 100.0, 100.0, 100.0, 100.0, 100.0]",2,0.0117789395,3.3789199531,1.8093994147,0.3383914331,0.34,0.1378456918,0.0050761421,0.1378456918,11,experiment_20261005_093327
demo_texts,doc2vec,affinity,50,9,0,0.057102708,317.3955078125,0.005351459,144.05078125,43.8058835124,"[100.0, 94.1, 94.1, 93.7, 93.7, 88.2, 100.0, 100.0, 100.0, 100.0, 100.0, 100.0]",2,0.0106560579,2.7124405973,1.5165272613,0.2573412698,0.26,0.2219639543,-0.0062987993,0.2219639543,11,experiment_20261005_093327
demo_texts,doc2vec,hdbscan,50,0,50,0.057102708,317.3955078125,0.0018445,60.1328125,1.7436343087,"[41.2, 35.3, 35.3, 25.0, 29.4, 25.0, 64.7, 33.3, 29.4, 31.2, 33.3, 26.7]",2,-1.0,-1.0,-1.0,0.0,0.0,0.0,0.0,0.0,11,experiment_20261005_093327
demo_texts,sentence_bert,kmeans,50,5,0,0.047399834,122.3857421875,0.003413375,261.66015625,91.7404536557,"[27.3, 9.1, 8.3, 15.4, 9.1, 16.7, 16.7, 15.4, 9.1, 9.1, 16.7, 25.0]",2,0.041649431,2.9481154755,2.8613165751,0.6423226295,0.64,0.5291025307,0.3663793103,0.5291025307,11,experiment_20261005_093327
demo_texts,sentence_bert,parallel_kmeans,50,5,0,0.047399834,122.3857421875,0.02443025,910.240234375,70.9521135471,"[94.1, 94.4, 94.4, 94.1, 94.4, 88.2, 100.0, 100.0, 94.1, 100.0, 94.1, 100.0]",2,0.0489962101,2.5441870938,3.3348495156,0.7023809524,0.74,0.71339397,0.6072092159,0.71339397,11,experiment_20261005_093327
demo_texts,sentence_bert,hierarchical,50,5,0,0.047399834,122.3857421875,0.000877667,162.8671875,44.7234215774,"[100.0, 100.0, 100.0, 100.0, 100.0, 100.0, 100.0, 100.0, 100.0, 100.0, 100.0, 100.0]",2,0.0898950025,2.2716077321,3.9060023292,0.8384736842,0.84,0.7769523377,0.671599378,0.7769523377,11,experiment_20261005_093327
demo_texts,sentence_bert,dbscan,50,0,50,0.047399834,122.3857421875,0.001334042,14.669921875,91.318378946,"[57.9, 60.0, 45.0, 40.0, 35.0, 42.1, 28.6, 22.2, 26.3, 30.0, 26.3, 75.0]",2,-1.0,-1.0,-1.0,0.0,0.0,0.0,0.0,0.0,11,experiment_20261005_093327
demo_texts,sentence_bert,minibatch,50,5,0,0.047399834,122.3857421875,0.005333459,261.2880859375,92.3542409653,"[100.0, 100.0, 94.1, 93.8, 93.7, 83.3, 100.0, 100.0, 100.0, 100.0, 100.0, 100.0]",2,0.0792744905,2.3202084836,3.674148457,0.7563478317,0.76,0.631551303,0.502864953,0.631551303,11,experiment_20261005_093327
demo_texts,sentence_bert,birch,50,5,0,0.047399834,122.3857421875,0.002373625,406.6953125,90.930483399,"[94.4, 88.2, 94.1, 88.9, 94.1, 94.1, 100.0, 100.0, 100.0, 100.0, 100.0, 100.0]",2,0.0898950025,2.2716077321,3.9060023292,0.8384736842,0.84,0.7769523377,0.671599378,0.7769523377,11,experiment_20261005_093327
demo_texts,sentence_bert,spectral,50,5,0,0.047399834,122.3857421875,0.013278541,242.958984375,92.9825959866,"[94.1, 94.1, 93.7, 88.9, 94.1, 81.2, 100.0, 100.0, 94.4, 100.0, 100.0, 100.0]",2,0.0591048524,2.5719965053,3.2258354046,0.6376218324,0.68,0.7441753523,0.5693504394,0.7441753523,11,experiment_20261005_093327
demo_texts,sentence_bert,affinity,50,8,0,0.047399834,122.3857421875,0.00482675,353.90625,38.5129855579,"[94.1, 94.1, 94.4, 100.0, 94.4, 88.2, 100.0, 100.0, 100.0, 100.0, 100.0, 100.0]",2,0.0600384995,2.1127829449,2.9453388154,0.5569067371,0.58,0.6473105272,0.4779874214,0.6473105272,11,experiment_20261005_093327
demo_texts,sentence_bert,hdbscan,50,0,50,0.047399834,122.3857421875,0.002459792,180.005859375,1.3835278275,"[29.4, 29.4, 23.5, 22.2, 27.8, 22.2, 47.1, 27.8, 27.8, 23.5, 41.2, 23.5]",2,-1.0,-1.0,-1.0,0.0,0.0,0.0,0.0,0.0,11,experiment_20261005_093327
demo_texts,tfidf,kmeans,50,5,0,0.002757583,178.7822265625,0.002632417,303.49609375,92.3436608921,"[25.0, 9.1, 9.1, 0.0, 9.1, 15.4, 16.7, 16.7, 8.3, 25.0, 20.0, 16.7]",10,0.0046408442,3.8754547501,1.1286969479,0.2718414918,0.34,0.151716353,0.0224782242,0.151716353,12,experiment_20261005_093346
demo_texts,tfidf,parallel_kmeans,50,5,0,0.002757583,178.7822265625,0.021155542,970.5791015625,98.3645533125,"[94.1, 94.4, 88.9, 94.4, 88.2, 87.5, 100.0, 100.0, 100.0, 100.0, 100.0, 100.0]",10,0.0101367176,2.9911273371,1.2029760447,0.2576015289,0.3,0.1427641546,0.0019246191,0.1427641546,12,experiment_20261005_093346
demo_texts,tfidf,hierarchical,50,5,0,0.002757583,178.7822265625,0.00084225,22.892578125,47.8437168852,"[100.0, 100.0, 100.0, 100.0, 100.0, 100.0, 100.0, 100.0, 100.0, 100.0, 100.0, 100.0]",10,0.0122590534,3.6293853131,1.2540156198,0.4040537241,0.42,0.2174312462,0.032113191,0.2174312462,12,experiment_20261005_093346
demo_texts,tfidf,dbscan,50,0,50,0.002757583,178.7822265625,0.00098825,14.66796875,91.5746796125,"[30.0, 30.0, 30.0, 20.0, 21.1, 21.1, 25.0, 25.0, 25.0, 35.0, 70.0, 25.0]",10,-1.0,-1.0,-1.0,0.0,0.0,0.0,0.0,0.0,12,experiment_20261005_093346
demo_texts,tfidf,minibatch,50,5,0,0.002757583,178.7822265625,0.00738875,273.072265625,92.2017824906,"[94.1, 93.7, 88.2, 100.0, 83.3, 88.9, 100.0, 100.0, 100.0, 100.0, 100.0, 100.0]",10,0.0011925364,2.5104474898,1.1060261919,0.232,0.28,0.1691244735,0.0042162071,0.1691244735,12,experiment_20261005_093346
demo_texts,tfidf,birch,50,5,0,0.002757583,178.7822265625,0.002200542,396.75390625,92.1247300202,"[94.1, 94.4, 94.1, 88.9, 88.2, 88.2, 100.0, 100.0, 100.0, 100.0, 100.0, 100.0]",10,0.0122590534,3.6293853131,1.2540156198,0.4040537241,0.42,0.2174312462,0.032113191,0.2174312462,12,experiment_20261005_093346
demo_texts,tfidf,spectral,50,5,0,0.002757583,178.7822265625,0.012517417,93.416015625,92.2284054496,"[100.0, 88.2, 88.9, 88.9, 94.1, 88.2, 100.0, 100.0, 100.0, 100.0, 100.0, 100.0]",10,0.0120606496,3.6780410237,1.2575023826,0.3272718561,0.36,0.1711538856,0.0202011907,0.1711538856,12,experiment_20261005_093346
demo_texts,tfidf,affinity,50,13,0,0.002757583,178.7822265625,0.008422666,142.033203125,38.1008024756,"[94.4, 94.1, 94.1, 94.1, 88.2, 82.4, 100.0, 100.0, 100.0, 100.0, 100.0, 100.0]",10,0.0180957994,2.3706446269,1.1597891261,0.2698412698,0.24,0.3017289264,0.0099560761,0.3017289264,12,experiment_20261005_093346
demo_texts,tfidf,hdbscan,50,2,12,0.002757583,178.7822265625,0.002097667,27.140625,1.3805444156,"[62.5, 37.5, 25.0, 20.0, 18.8, 25.0, 27.8, 29.4, 25.0, 29.4, 35.3, 58.8]",10,-0.0005730935,5.4949919288,1.0028236664,0.1518661519,0.2894736842,0.0692871165,-0.0104615841,0.0692871165,12,experiment_20261005_093346
demo_texts,word2vec,kmeans,50,5,0,0.02383225,307.8583984375,0.002740625,78.208984375,84.3377416179,"[50.0, 18.2, 60.0, 16.7, 9.1, 18.2, 0.0, 9.1, 9.1, 9.1, 27.3, 25.0]",2,0.001397704,3.4378606088,1.5628188901,0.3090669856,0.34,0.112233782,0.0050399806,0.112233782,12,experiment_20261005_093346
demo_texts,word2vec,parallel_kmeans,50,5,0,0.02383225,307.8583984375,0.022851334,294.5732421875,98.0388902342,"[94.4, 94.1, 94.4, 93.7, 94.1, 94.1, 100.0, 100.0, 100.0, 100.0, 100.0, 100.0]",2,0.0123356096,3.534307403,1.5871178223,0.3220255349,0.34,0.1488484862,0.0227353464,0.1488484862,12,experiment_20261005_093346
demo_texts,word2vec,hierarchical,50,5,0,0.02383225,307.8583984375,0.000777417,51.83984375,52.4205185695,"[100.0, 100.0, 100.0, 100.0, 100.0, 100.0, 100.0, 100.0, 100.0, 100.0, 100.0, 100.0]",2,0.0255337618,3.2646241097,1.9663583101,0.4173870574,0.42,0.1626861534,0.0289123692,0.1626861534,12,experiment_20261005_093346
demo_texts,word2vec,dbscan,50,1,0,0.02383225,307.8583984375,0.001430834,54.744140625,91.6897113806,"[40.0, 35.0, 33.3, 33.3, 30.0, 30.0, 30.0, 30.0, 30.0, 26.3, 26.3, 75.0]",2,-1.0,-1.0,-1.0,0.0666666667,0.2,0.0,0.0,0.0,12,experiment_20261005_093346
demo_texts,word2vec,minibatch,50,5,0,0.02383225,307.8583984375,0.006347709,79.2041015625,92.4175784656,"[93.7, 93.8, 93.7, 93.7, 93.7, 87.5, 100.0, 100.0, 100.0, 100.0, 100.0, 100.0]",2,0.001673443,3.1805680431,1.5635849113,0.2858608059,0.32,0.1496200741,0.0126386074,0.1496200741,12,experiment_20261005_093346
demo_texts,word2vec,birch,50,1,0,0.02383225,307.8583984375,0.001405667,53.8701171875,92.5248220517,"[94.1, 93.7, 93.7, 93.8, 94.1, 82.4, 100.0, 100.0, 100.0, 100.0, 100.0, 100.0]",2,-1.0,-1.0,-1.0,0.0666666667,0.2,0.0,0.0,0.0,12,experiment_20261005_093346
demo_texts,word2vec,spectral,50,5,0,0.02383225,307.8583984375,0.013382,132.03515625,93.1776329879,"[94.1, 100.0, 87.5, 93.7, 88.2, 93.7, 100.0, 100.0, 100.0, 100.0, 100.0, 100.0]",2,0.0214563012,3.2634537264,2.0124661172,0.3335737235,0.34,0.0763661696,-0.0232266507,0.0763661696,12,experiment_20261005_093346
demo_texts,word2vec,affinity,50,4,0,0.02383225,307.8583984375,0.004247209,143.359375,38.5369428815,"[100.0, 94.1, 94.4, 94.4, 93.7, 82.4, 100.0, 100.0, 100.0, 100.0, 100.0, 100.0]",2,0.0097787101,3.6467391299,1.6215881771,0.31,0.36,0.1475729686,0.0334900118,0.1475729686,12,experiment_20261005_093346
demo_texts,word2vec,hdbscan,50,0,50,0.02383225,307.8583984375,0.001757459,60.3125,1.7131745191,"[31.2, 29.4, 25.0, 25.0, 23.5, 18.8, 25.0, 29.4, 23.5, 56.2, 44.4, 29.4]",2,-1.0,-1.0,-1.0,0.0,0.0,0.0,0.0,0.0,12,experiment_20261005_093346
demo_texts,fasttext,kmeans,50,5,0,0.531483458,781815.51953125,0.00352525,78.4033203125,91.5148342781,"[25.0, 30.8, 23.1, 16.7, 16.7, 15.4, 15.4, 9.1, 9.1, 8.3, 23.1, 15.4]",2,-0.0215578247,3.4594347441,1.6210785666,0.3429473051,0.36,0.2113607008,0.0441406806,0.2113607008,12,experiment_20261005_093346
demo_texts,fasttext,parallel_kmeans,50,5,0,0.531483458,781815.51953125,0.023103084,318.193359375,98.0388729369,"[88.9, 94.1, 94.1, 88.9, 88.2, 88.2, 100.0, 100.0, 100.0, 100.0, 100.0, 100.0]",2,0.0223167706,2.6909731835,1.9209477187,0.2863826232,0.32,0.1124800438,-0.0110466722,0.1124800438,12,experiment_20261005_093346
demo_texts,fasttext,hierarchical,50,5,0,0.531483458,781815.51953125,0.0007735,51.83984375,45.3414127495,"[100.0, 100.0, 100.0, 100.0, 100.0, 100.0, 100.0, 100.0, 100.0, 100.0, 100.0, 100.0]",2,0.0077340766,2.8479794064,2.0884795681,0.3650909091,0.42,0.2086707374,0.0683238189,0.2086707374,12,experiment_20261005_093346
demo_texts,fasttext,dbscan,50,1,0,0.531483458,781815.51953125,0.001549625,54.833984375,91.0739176415,"[33.3, 30.0, 23.8, 25.0, 23.8, 23.8, 21.1, 27.3, 57.1, 36.8, 28.6, 21.1]",2,-1.0,-1.0,-1.0,0.0666666667,0.2,0.0,0.0,0.0,12,experiment_20261005_093346
demo_texts,fasttext,minibatch,50,5,0,0.531483458,781815.51953125,0.004909459,78.9345703125,91.4765462144,"[94.1, 94.1, 94.1, 88.9, 88.9, 88.2, 100.0, 100.0, 100.0, 94.7, 100.0, 100.0]",2,0.0384747609,2.5443899798,1.5926649819,0.2577838828,0.3,0.1433552428,-0.0044550134,0.1433552428,12,experiment_20261005_093346
demo_texts,fasttext,birch,50,1,0,0.531483458,781815.51953125,0.001412458,53.7802734375,92.3773127216,"[94.1, 94.4, 100.0, 93.7, 93.8, 77.8, 100.0, 100.0, 100.0, 100.0, 100.0, 100.0]",2,-1.0,-1.0,-1.0,0.0666666667,0.2,0.0,0.0,0.0,12,experiment_20261005_093346
demo_texts,fasttext,spectral,50,5,0,0.531483458,781815.51953125,0.012517083,132.21484375,92.7435044872,"[94.1, 94.1, 94.4, 94.7, 88.9, 81.3, 100.0, 100.0, 100.0, 100.0, 100.0, 100.0]",2,0.0083617121,3.2072267906,2.0918209523,0.3526968937,0.36,0.2096902529,0.0580556321,0.2096902529,12,experiment_20261005_093346
demo_texts,fasttext,affinity,50,9,0,0.531483458,781815.51953125,0.004265416,143.40625,36.4451397861,"[100.0, 94.4, 94.1, 93.7, 94.1, 94.1, 100.0, 100.0, 100.0, 100.0, 100.0, 100.0]",2,0.0085102767,1.975743182,1.8351472445,0.3288981772,0.4,0.2500479373,0.0556098062,0.2500479373,12,experiment_20261005_093346
demo_texts,fasttext,hdbscan,50,0,50,0.531483458,781815.51953125,0.001689667,60.3125,1.4735294374,"[29.4, 23.5, 23.5, 22.2, 17.6, 17.6, 27.8, 23.5, 23.5, 35.3, 58.8, 23.5]",2,-1.0,-1.0,-1.0,0.0,0.0,0.0,0.0,0.0,12,experiment_20261005_093346
demo_texts,doc2vec,kmeans,50,5,0,0.054897084,317.8056640625,0.002892875,78.2685546875,89.1355462147,"[25.0, 46.2, 60.0, 8.3, 9.1, 15.4, 8.3, 8.3, 0.0, 27.3, 25.0, 25.0]",2,0.0100996271,3.5046656034,1.5572498089,0.3059073022,0.32,0.1032567988,-0.0016394282,0.1032567988,12,experiment_20261005_093346
demo_texts,doc2vec,parallel_kmeans,50,5,0,0.054897084,317.8056640625,0.022651459,252.9443359375,98.5277356698,"[100.0, 100.0, 100.0, 100.0, 100.0, 100.0, 100.0, 100.0, 100.0, 100.0, 100.0, 100.0]",2,0.0096303457,3.682845435,1.5706002666,0.3277284635,0.34,0.0871397783,-0.0174525574,0.0871397783,12,experiment_20261005_093346
demo_texts,doc2vec,hierarchical,50,5,0,0.054897084,317.8056640625,0.000785458,51.884765625,50.6725327202,"[100.0, 100.0, 100.0, 100.0, 100.0, 100.0, 100.0, 100.0, 100.0, 100.0, 100.0, 100.0]",2,0.0215029791,3.3987313384,1.8116660239,0.3051482429,0.32,0.0812366019,-0.0240914239,0.0812366019,12,experiment_20261005_093346
demo_texts,doc2vec,dbscan,50,1,0,0.054897084,317.8056640625,0.001330375,54.833984375,91.4648161905,"[36.4, 35.0, 26.3, 30.0, 25.0, 28.6, 25.0, 28.6, 28.6, 57.1, 47.6, 25.0]",2,-1.0,-1.0,-1.0,0.0666666667,0.2,0.0,0.0,0.0,12,experiment_20261005_093346
demo_texts,doc2vec,minibatch,50,5,0,0.054897084,317.8056640625,0.005794292,79.3837890625,92.4627614831,"[93.7, 94.1, 88.9, 88.9, 88.2, 88.2, 100.0, 100.0, 100.0, 100.0, 100.0, 100.0]",2,0.0031086118,3.3620380167,1.5095377709,0.2760606061,0.3,0.0968846025,-0.0303178484,0.0968846025,12,experiment_20261005_093346
demo_texts,doc2vec,birch,50,1,0,0.054897084,317.8056640625,0.001420292,53.8701171875,91.803788373,"[100.0, 94.1, 94.1, 93.7, 88.2, 88.2, 100.0, 100.0, 100.0, 100.0, 100.0, 100.0]",2,-1.0,-1.0,-1.0,0.0666666667,0.2,0.0,0.0,0.0,12,experiment_20261005_093346
demo_texts,doc2vec,spectral,50,5,0,0.054897084,317.8056640625,0.013498791,132.751953125,92.9430301332,"[94.1, 94.1, 93.7, 94.4, 84.2, 88.2, 100.0, 100.0, 100.0, 100.0, 100.0, 100.0]",2,0.0117789395,3.3789199531,1.8093994147,0.3383914331,0.34,0.1378456918,0.0050761421,0.1378456918,12,experiment_20261005_093346
demo_texts,doc2vec,affinity,50,9,0,0.054897084,317.8056640625,0.005159958,143.44921875,39.3620676723,"[94.1, 93.7, 94.4, 93.8, 93.7, 93.7, 100.0, 100.0, 100.0, 100.0, 100.0, 100.0]",2,0.0106560579,2.7124405973,1.5165272613,0.2573412698,0.26,0.2219639543,-0.0062987993,0.2219639543,12,experiment_20261005_093346
demo_texts,doc2vec,hdbscan,50,0,50,0.054897084,317.8056640625,0.001886291,60.267578125,1.6119622615,"[35.3, 33.3, 23.5, 23.5, 23.5, 22.2, 29.4, 29.4, 35.3, 55.6, 33.3, 29.4]",2,-1.0,-1.0,-1.0,0.0,0.0,0.0,0.0,0.0,12,experiment_20261005_093346
demo_texts,sentence_bert,kmeans,50,5,0,0.0516555,121.0087890625,0.003307792,261.291015625,91.3083542525,"[27.3, 16.7, 9.1, 8.3, 8.3, 8.3, 0.0, 8.3, 9.1, 18.2, 23.1, 16.7]",2,0.041649431,2.9481154755,2.8613165751,0.6423226295,0.64,0.5291025307,0.3663793103,0.5291025307,12,experiment_20261005_093346
demo_texts,sentence_bert,parallel_kmeans,50,5,0,0.0516555,121.0087890625,0.025521542,1067.0048828125,94.9666706455,"[100.0, 94.1, 94.1, 94.1, 94.1, 94.1, 100.0, 100.0, 100.0, 100.0, 100.0, 100.0]",2,0.0489962101,2.5441870938,3.3348495156,0.7023809524,0.74,0.71339397,0.6072092159,0.71339397,12,experiment_20261005_093346
demo_texts,sentence_bert,hierarchical,50,5,0,0.0516555,121.0087890625,0.000881583,162.912109375,52.7465085046,"[100.0, 100.0, 100.0, 100.0, 100.0, 100.0, 100.0, 100.0, 100.0, 100.0, 100.0, 100.0]",2,0.0898950025,2.2716077321,3.9060023292,0.8384736842,0.84,0.7769523377,0.671599378,0.7769523377,12,experiment_20261005_093346
demo_texts,sentence_bert,dbscan,50,0,50,0.0516555,121.0087890625,0.001585875,14.71484375,90.0507935002,"[40.9, 35.0, 30.0, 26.3, 25.0, 30.0, 28.6, 25.0, 73.7, 30.0, 30.0, 35.0]",2,-1.0,-1.0,-1.0,0.0,0.0,0.0,0.0,0.0,12,experiment_20261005_093346
demo_texts,sentence_bert,minibatch,50,5,0,0.0516555,121.0087890625,0.005620917,260.8232421875,92.4735848655,"[93.3, 94.1, 83.3, 88.2, 88.2, 83.3, 100.0, 100.0, 100.0, 100.0, 100.0, 100.0]",2,0.0792744905,2.3202084836,3.674148457,0.7563478317,0.76,0.631551303,0.502864953,0.631551303,12,experiment_20261005_093346
demo_texts,sentence_bert,birch,50,5,0,0.0516555,121.0087890625,0.002549167,406.6953125,92.565785821,"[94.4, 94.1, 94.1, 88.2, 93.7, 93.7, 100.0, 100.0, 100.0, 100.0, 100.0, 100.0]",2,0.0898950025,2.2716077321,3.9060023292,0.8384736842,0.84,0.7769523377,0.671599378,0.7769523377,12,experiment_20261005_093346
demo_texts,sentence_bert,spectral,50,5,0,0.0516555,121.0087890625,0.013406625,243.181640625,93.0768449866,"[94.1, 94.4, 100.0, 94.1, 88.9, 88.9, 100.0, 100.0, 100.0, 100.0, 100.0, 100.0]",2,0.0591048524,2.5719965053,3.2258354046,0.6376218324,0.68,0.7441753523,0.5693504394,0.7441753523,12,experiment_20261005_093346
demo_texts,sentence_bert,affinity,50,8,0,0.0516555,121.0087890625,0.00480675,353.99609375,38.3834964501,"[94.1, 100.0, 94.4, 94.4, 94.1, 87.5, 100.0, 100.0, 100.0, 100.0, 100.0, 100.0]",2,0.0600384995,2.1127829449,2.9453388154,0.5569067371,0.58,0.6473105272,0.4779874214,0.6473105272,12,experiment_20261005_093346
demo_texts,sentence_bert,hdbscan,50,0,50,0.0516555,121.0087890625,0.002506333,180.080078125,0.2309427527,"[41.2, 25.0, 29.4, 23.5, 23.5, 27.8, 27.8, 29.4, 27.8, 29.4, 64.7, 23.5]",2,-1.0,-1.0,-1.0,0.0,0.0,0.0,0.0,0.0,12,experiment_20261005_093346
demo_texts,tfidf,kmeans,50,5,0,0.002787459,178.8642578125,0.002687334,303.49609375,92.4370093904,"[18.2, 16.7, 9.1, 8.3, 0.0, 9.1, 9.1, 8.3, 0.0, 10.0, 9.1, 41.7]",10,0.0046408442,3.8754547501,1.1286969479,0.2718414918,0.34,0.151716353,0.0224782242,0.151716353,13,experiment_20261005_093403
demo_texts,tfidf,parallel_kmeans,50,5,0,0.002787459,178.8642578125,0.020961167,1016.892578125,97.9222700293,"[100.0, 94.1, 88.9, 94.1, 88.9, 87.5, 100.0, 100.0, 100.0, 100.0, 100.0, 100.0]",10,0.0101367176,2.9911273371,1.2029760447,0.2576015289,0.3,0.1427641546,0.0019246191,0.1427641546,13,experiment_20261005_093403
demo_texts,tfidf,hierarchical,50,5,0,0.002787459,178.8642578125,0.000836083,22.892578125,51.5165980455,"[100.0, 100.0, 100.0, 100.0, 100.0, 100.0, 100.0, 100.0, 100.0, 100.0, 100.0, 100.0]",10,0.0122590534,3.6293853131,1.2540156198,0.4040537241,0.42,0.2174312462,0.032113191,0.2174312462,13,experiment_20261005_093403
demo_texts,tfidf,dbscan,50,0,50,0.002787459,178.8642578125,0.000914209,14.66796875,91.5861668613,"[33.3, 33.3, 26.3, 28.6, 28.6, 28.6, 28.6, 25.0, 76.2, 30.0, 31.8, 30.0]",10,-1.0,-1.0,-1.0,0.0,0.0,0.0,0.0,0.0,13,experiment_20261005_093403
demo_texts,tfidf,minibatch,50,5,0,0.002787459,178.8642578125,0.006927292,273.162109375,92.1394036221,"[94.4, 93.7, 94.1, 93.7, 88.2, 88.2, 100.0, 100.0, 100.0, 100.0, 100.0, 100.0]",10,0.0011925364,2.5104474898,1.1060261919,0.232,0.28,0.1691244735,0.0042162071,0.1691244735,13,experiment_20261005_093403
demo_texts,tfidf,birch,50,5,0,0.002787459,178.8642578125,0.002171125,396.75390625,92.2311006153,"[100.0, 94.4, 94.1, 87.5, 88.9, 88.2, 100.0, 100.0, 100.0, 100.0, 100.0, 100.0]",10,0.0122590534,3.6293853131,1.2540156198,0.4040537241,0.42,0.2174312462,0.032113191,0.2174312462,13,experiment_20261005_093403
demo_texts,tfidf,spectral,50,5,0,0.002787459,178.8642578125,0.013255458,93.61328125,92.3899815143,"[94.1, 94.1, 94.1, 88.2, 88.2, 88.9, 100.0, 100.0, 100.0, 100.0, 100.0, 100.0]",10,0.0120606496,3.6780410237,1.2575023826,0.3272718561,0.36,0.1711538856,0.0202011907,0.1711538856,13,experiment_20261005_093403
demo_texts,tfidf,affinity,50,13,0,0.002787459,178.8642578125,0.008414542,142.033203125,36.7521364594,"[89.5, 94.1, 94.1, 94.4, 93.7, 87.5, 100.0, 100.0, 100.0, 100.0, 100.0, 100.0]",10,0.0180957994,2.3706446269,1.1597891261,0.2698412698,0.24,0.3017289264,0.0099560761,0.3017289264,13,experiment_20261005_093403
demo_texts,tfidf,hdbscan,50,2,12,0.002787459,178.8642578125,0.002075458,27.3203125,1.4399046048,"[33.3, 31.2, 25.0, 25.0, 22.2, 12.5, 27.8, 20.0, 25.0, 23.5, 33.3, 66.7]",10,-0.0005730935,5.4949919288,1.0028236664,0.1518661519,0.2894736842,0.0692871165,-0.0104615841,0.0692871165,13,experiment_20261005_093403
demo_texts,word2vec,kmeans,50,5,0,0.024982458,307.9853515625,0.002784,78.3984375,91.6365422155,"[27.3, 9.1, 9.1, 8.3, 9.1, 9.1, 9.1, 9.1, 33.3, 16.7, 0.0, 9.1]",2,0.001397704,3.4378606088,1.5628188901,0.3090669856,0.34,0.112233782,0.0050399806,0.112233782,13,experiment_20261005_093403
demo_texts,word2vec,parallel_kmeans,50,5,0,0.024982458,307.9853515625,0.312217375,315.5302734375,97.6661827195,"[96.0666666667, 100.0, 98.1333333333, 98.1333333333, 95.8333333333, 94.4333333333, 100.0, 100.0, 100.0, 100.0, 100.0, 100.0]",2,0.0123356096,3.534307403,1.5871178223,0.3220255349,0.34,0.1488484862,0.0227353464,0.1488484862,13,experiment_20261005_093403
demo_texts,word2vec,hierarchical,50,5,0,0.024982458,307.9853515625,0.000773167,51.884765625,29.9131609742,"[94.1, 94.4, 100.0, 100.0, 88.2, 87.5, 100.0, 100.0, 94.4, 100.0, 100.0, 100.0]",2,0.0255337618,3.2646241097,1.9663583101,0.4173870574,0.42,0.1626861534,0.0289123692,0.1626861534,13,experiment_20261005_093403
demo_texts,word2vec,dbscan,50,1,0,0.024982458,307.9853515625,0.001130583,54.833984375,91.708818885,"[26.3, 26.3, 20.0, 15.8, 15.0, 10.5, 21.1, 63.2, 16.7, 15.8, 21.1, 20.0]",2,-1.0,-1.0,-1.0,0.0666666667,0.2,0.0,0.0,0.0,13,experiment_20261005_093403
demo_texts,word2vec,minibatch,50,5,0,0.024982458,307.9853515625,0.004702292,79.3837890625,92.6657268986,"[94.1, 93.7, 100.0, 88.2, 94.1, 82.4, 100.0, 100.0, 100.0, 100.0, 100.0, 100.0]",2,0.001673443,3.1805680431,1.5635849113,0.2858608059,0.32,0.1496200741,0.0126386074,0.1496200741,13,experiment_20261005_093403
demo_texts,word2vec,birch,50,1,0,0.024982458,307.9853515625,0.00146225,53.9638671875,92.3952374137,"[93.7, 93.7, 94.1, 93.7, 93.7, 88.2, 100.0, 100.0, 100.0, 100.0, 100.0, 100.0]",2,-1.0,-1.0,-1.0,0.0666666667,0.2,0.0,0.0,0.0,13,experiment_20261005_093403
demo_texts,word2vec,spectral,50,5,0,0.024982458,307.9853515625,0.013055375,132.2578125,92.2049390676,"[100.0, 94.4, 94.1, 88.2, 76.5, 88.2, 100.0, 100.0, 100.0, 100.0, 100.0, 100.0]",2,0.0214563012,3.2634537264,2.0124661172,0.3335737235,0.34,0.0763661696,-0.0232266507,0.0763661696,13,experiment_20261005_093403
demo_texts,word2vec,affinity,50,4,0,0.024982458,307.9853515625,0.004282458,143.44921875,41.0381736879,"[100.0, 93.7, 93.7, 94.1, 93.7, 81.2, 100.0, 100.0, 100.0, 100.0, 100.0, 100.0]",2,0.0097787101,3.6467391299,1.6215881771,0.31,0.36,0.1475729686,0.0334900118,0.1475729686,13,experiment_20261005_093403
demo_texts,word2vec,hdbscan,50,0,50,0.024982458,307.9853515625,0.001732375,60.6875,1.427379455,"[35.3, 25.0, 25.0, 25.0, 29.4, 23.5, 60.0, 29.4, 29.4, 29.4, 41.2, 25.0]",2,-1.0,-1.0,-1.0,0.0,0.0,0.0,0.0,0.0,13,experiment_20261005_093403
demo_texts,fasttext,kmeans,50,5,0,0.537078834,781816.09375,0.003243,78.25390625,92.3520770782,"[60.0, 27.3, 38.5, 25.0, 25.0, 33.3, 9.1, 16.7, 9.1, 16.7, 9.1, 15.4]",2,-0.0215578247,3.4594347441,1.6210785666,0.3429473051,0.36,0.2113607008,0.0441406806,0.2113607008,13,experiment_20261005_093403
demo_texts,fasttext,parallel_kmeans,50,5,0,0.537078834,781816.09375,0.022983625,292.916015625,97.7845321999,"[94.4, 94.4, 94.1, 94.1, 88.9, 88.2, 100.0, 100.0, 100.0, 100.0, 100.0, 100.0]",2,0.0223167706,2.6909731835,1.9209477187,0.2863826232,0.32,0.1124800438,-0.0110466722,0.1124800438,13,experiment_20261005_093403
demo_texts,fasttext,hierarchical,50,5,0,0.537078834,781816.09375,0.00078675,51.884765625,51.2912807438,"[100.0, 100.0, 100.0, 100.0, 100.0, 100.0, 100.0, 100.0, 100.0, 100.0, 100.0, 100.0]",2,0.0077340766,2.8479794064,2.0884795681,0.3650909091,0.42,0.2086707374,0.0683238189,0.2086707374,13,experiment_20261005_093403
demo_texts,fasttext,dbscan,50,1,0,0.537078834,781816.09375,0.001027459,54.833984375,91.3952531784,"[40.0, 40.0, 36.8, 30.0, 26.3, 25.0, 25.0, 78.9, 30.0, 25.0, 28.6, 26.3]",2,-1.0,-1.0,-1.0,0.0666666667,0.2,0.0,0.0,0.0,13,experiment_20261005_093403
demo_texts,fasttext,minibatch,50,5,0,0.537078834,781816.09375,0.004533042,78.8447265625,92.6113829507,"[94.1, 94.1, 88.9, 94.4, 84.2, 94.1, 100.0, 100.0, 100.0, 100.0, 100.0, 94.7]",2,0.0384747609,2.5443899798,1.5926649819,0.2577838828,0.3,0.1433552428,-0.0044550134,0.1433552428,13,experiment_20261005_093403
demo_texts,fasttext,birch,50,1,0,0.537078834,781816.09375,0.001394833,53.8701171875,92.2000860667,"[94.1, 94.4, 100.0, 88.9, 94.1, 82.4, 100.0, 100.0, 100.0, 100.0, 100.0, 100.0]",2,-1.0,-1.0,-1.0,0.0666666667,0.2,0.0,0.0,0.0,13,experiment_20261005_093403
demo_texts,fasttext,spectral,50,5,0,0.537078834,781816.09375,0.013667792,131.85546875,92.3331132291,"[94.1, 94.4, 88.9, 93.7, 88.9, 94.1, 100.0, 100.0, 100.0, 100.0, 100.0, 100.0]",2,0.0083617121,3.2072267906,2.0918209523,0.3526968937,0.36,0.2096902529,0.0580556321,0.2096902529,13,experiment_20261005_093403
demo_texts,fasttext,affinity,50,9,0,0.537078834,781816.09375,0.004298875,143.404296875,37.2322073997,"[94.1, 100.0, 93.7, 94.1, 93.7, 84.2, 100.0, 100.0, 100.0, 100.0, 100.0, 100.0]",2,0.0085102767,1.975743182,1.8351472445,0.3288981772,0.4,0.2500479373,0.0556098062,0.2500479373,13,experiment_20261005_093403
demo_texts,fasttext,hdbscan,50,0,50,0.537078834,781816.09375,0.001961875,60.1328125,1.3594672839,"[33.3, 23.5, 29.4, 22.2, 22.2, 18.8, 25.0, 18.7, 68.8, 18.8, 18.8, 20.0]",2,-1.0,-1.0,-1.0,0.0,0.0,0.0,0.0,0.0,13,experiment_20261005_093403
demo_texts,doc2vec,kmeans,50,5,0,0.056445959,316.9267578125,0.002735125,78.2685546875,91.8701677298,"[18.2, 9.1, 9.1, 8.3, 0.0, 8.3, 36.4, 18.2, 36.4, 9.1, 15.4, 15.4]",2,0.0100996271,3.5046656034,1.5572498089,0.3059073022,0.32,0.1032567988,-0.0016394282,0.1032567988,13,experiment_20261005_093403
demo_texts,doc2vec,parallel_kmeans,50,5,0,0.056445959,316.9267578125,0.022665292,284.173828125,98.8098147215,"[94.1, 94.1, 88.2, 93.7, 94.1, 87.5, 100.0, 100.0, 100.0, 100.0, 100.0, 100.0]",2,0.0096303457,3.682845435,1.5706002666,0.3277284635,0.34,0.0871397783,-0.0174525574,0.0871397783,13,experiment_20261005_093403
demo_texts,doc2vec,hierarchical,50,5,0,0.056445959,316.9267578125,0.000795,51.884765625,55.1009987181,"[100.0, 100.0, 100.0, 100.0, 100.0, 100.0, 100.0, 100.0, 100.0, 100.0, 100.0, 100.0]",2,0.0215029791,3.3987313384,1.8116660239,0.3051482429,0.32,0.0812366019,-0.0240914239,0.0812366019,13,experiment_20261005_093403
demo_texts,doc2vec,dbscan,50,1,0,0.056445959,316.9267578125,0.001415834,54.833984375,91.4278097167,"[40.0, 35.0, 35.0, 30.0, 26.3, 26.3, 26.3, 26.3, 40.9, 28.6, 78.9, 30.0]",2,-1.0,-1.0,-1.0,0.0666666667,0.2,0.0,0.0,0.0,13,experiment_20261005_093403
demo_texts,doc2vec,minibatch,50,5,0,0.056445959,316.9267578125,0.005154709,78.634765625,92.1094451086,"[94.1, 93.7, 88.2, 88.9, 88.9, 83.3, 100.0, 100.0, 100.0, 100.0, 100.0, 100.0]",2,0.0031086118,3.3620380167,1.5095377709,0.2760606061,0.3,0.0968846025,-0.0303178484,0.0968846025,13,experiment_20261005_093403
demo_texts,doc2vec,birch,50,1,0,0.056445959,316.9267578125,0.00143525,53.8701171875,91.8821275927,"[100.0, 94.1, 93.7, 100.0, 88.2, 87.5, 100.0, 100.0, 100.0, 100.0, 100.0, 100.0]",2,-1.0,-1.0,-1.0,0.0666666667,0.2,0.0,0.0,0.0,13,experiment_20261005_093403
demo_texts,doc2vec,spectral,50,5,0,0.056445959,316.9267578125,0.014306875,132.591796875,92.0663916508,"[94.4, 94.1, 94.4, 88.9, 94.1, 82.4, 100.0, 100.0, 100.0, 100.0, 100.0, 100.0]",2,0.0117789395,3.3789199531,1.8093994147,0.3383914331,0.34,0.1378456918,0.0050761421,0.1378456918,13,experiment_20261005_093403
demo_texts,doc2vec,affinity,50,9,0,0.056445959,316.9267578125,0.005128834,143.38671875,38.2586236456,"[93.8, 94.1, 94.1, 100.0, 93.7, 94.1, 100.0, 100.0, 100.0, 100.0, 100.0, 100.0]",2,0.0106560579,2.7124405973,1.5165272613,0.2573412698,0.26,0.2219639543,-0.0062987993,0.2219639543,13,experiment_20261005_093403
demo_texts,doc2vec,hdbscan,50,0,50,0.056445959,316.9267578125,0.001837041,60.3125,1.4064744362,"[31.2, 25.0, 18.7, 23.5, 23.5, 17.6, 29.4, 64.7, 31.2, 29.4, 23.5, 18.8]",2,-1.0,-1.0,-1.0,0.0,0.0,0.0,0.0,0.0,13,experiment_20261005_093403
demo_texts,sentence_bert,kmeans,50,5,0,0.049350792,120.736328125,0.003473208,261.470703125,91.5295884985,"[25.0, 25.0, 9.1, 9.1, 15.4, 9.1, 25.0, 23.1, 23.1, 16.7, 9.1, 9.1]",2,0.041649431,2.9481154755,2.8613165751,0.6423226295,0.64,0.5291025307,0.3663793103,0.5291025307,13,experiment_20261005_093403
demo_texts,sentence_bert,parallel_kmeans,50,5,0,0.049350792,120.736328125,0.024869375,910.6259765625,98.3397885933,"[94.4, 94.4, 94.4, 88.9, 94.1, 78.9, 100.0, 100.0, 100.0, 100.0, 100.0, 100.0]",2,0.0489962101,2.5441870938,3.3348495156,0.7023809524,0.74,0.71339397,0.6072092159,0.71339397,13,experiment_20261005_093403
demo_texts,sentence_bert,hierarchical,50,5,0,0.049350792,120.736328125,0.000885416,162.912109375,50.9535557768,"[100.0, 100.0, 100.0, 100.0, 100.0, 100.0, 100.0, 100.0, 100.0, 100.0, 100.0, 100.0]",2,0.0898950025,2.2716077321,3.9060023292,0.8384736842,0.84,0.7769523377,0.671599378,0.7769523377,13,experiment_20261005_093403
demo_texts,sentence_bert,dbscan,50,0,50,0.049350792,120.736328125,0.001358583,14.669921875,91.4828311808,"[35.0, 33.3, 28.6, 25.0, 25.0, 25.0, 25.0, 25.0, 25.0, 75.0, 25.0, 25.0]",2,-1.0,-1.0,-1.0,0.0,0.0,0.0,0.0,0.0,13,experiment_20261005_093403
demo_texts,sentence_bert,minibatch,50,5,0,0.049350792,120.736328125,0.00531425,260.8681640625,92.3750135331,"[93.7, 94.1, 93.7, 93.7, 88.2, 88.2, 100.0, 100.0, 100.0, 100.0, 100.0, 100.0]",2,0.0792744905,2.3202084836,3.674148457,0.7563478317,0.76,0.631551303,0.502864953,0.631551303,13,experiment_20261005_093403
demo_texts,sentence_bert,birch,50,5,0,0.049350792,120.736328125,0.002375583,406.6953125,91.4376729826,"[100.0, 88.2, 88.2, 89.5, 93.7, 94.1, 100.0, 100.0, 100.0, 100.0, 100.0, 100.0]",2,0.0898950025,2.2716077321,3.9060023292,0.8384736842,0.84,0.7769523377,0.671599378,0.7769523377,13,experiment_20261005_093403
demo_texts,sentence_bert,spectral,50,5,0,0.049350792,120.736328125,0.013450125,243.36328125,92.948573159,"[94.4, 100.0, 94.4, 94.1, 94.4, 88.2, 100.0, 100.0, 100.0, 100.0, 100.0, 100.0]",2,0.0591048524,2.5719965053,3.2258354046,0.6376218324,0.68,0.7441753523,0.5693504394,0.7441753523,13,experiment_20261005_093403
demo_texts,sentence_bert,affinity,50,8,0,0.049350792,120.736328125,0.004794125,353.951171875,37.7733297508,"[94.4, 94.1, 93.7, 94.1, 94.1, 88.9, 100.0, 100.0, 100.0, 100.0, 100.0, 100.0]",2,0.0600384995,2.1127829449,2.9453388154,0.5569067371,0.58,0.6473105272,0.4779874214,0.6473105272,13,experiment_20261005_093403
demo_texts,sentence_bert,hdbscan,50,0,50,0.049350792,120.736328125,0.002498959,180.125,1.5772847606,"[31.2, 35.3, 23.5, 18.8, 23.5, 12.5, 38.9, 25.0, 29.4, 23.5, 20.0, 62.5]",2,-1.0,-1.0,-1.0,0.0,0.0,0.0,0.0,0.0,13,experiment_20261005_093403
demo_texts,tfidf,kmeans,50,5,0,0.002370125,178.931640625,0.002818125,303.541015625,92.3771449736,"[18.2, 16.7, 9.1, 15.4, 16.7, 0.0, 16.7, 25.0, 18.2, 23.1, 9.1, 16.7]",10,0.0046408442,3.8754547501,1.1286969479,0.2718414918,0.34,0.151716353,0.0224782242,0.151716353,14,experiment_20261005_093420
demo_texts,tfidf,parallel_kmeans,50,5,0,0.002370125,178.931640625,0.021302625,1099.0146484375,98.2788545509,"[100.0, 88.2, 94.1, 94.1, 88.2, 88.9, 100.0, 100.0, 100.0, 100.0, 100.0, 100.0]",10,0.0101367176,2.9911273371,1.2029760447,0.2576015289,0.3,0.1427641546,0.0019246191,0.1427641546,14,experiment_20261005_093420
demo_texts,tfidf,hierarchical,50,5,0,0.002370125,178.931640625,0.000836792,22.892578125,49.5823703021,"[100.0, 100.0, 100.0, 100.0, 100.0, 100.0, 100.0, 100.0, 100.0, 100.0, 100.0, 100.0]",10,0.0122590534,3.6293853131,1.2540156198,0.4040537241,0.42,0.2174312462,0.032113191,0.2174312462,14,experiment_20261005_093420
demo_texts,tfidf,dbscan,50,0,50,0.002370125,178.931640625,0.001130625,14.66796875,91.6159935364,"[30.0, 26.3, 28.6, 21.1, 25.0, 28.6, 28.6, 30.0, 28.6, 75.0, 25.0, 25.0]",10,-1.0,-1.0,-1.0,0.0,0.0,0.0,0.0,0.0,14,experiment_20261005_093420
demo_texts,tfidf,minibatch,50,5,0,0.002370125,178.931640625,0.005710917,272.9775390625,92.7933138904,"[94.1, 93.7, 88.2, 94.1, 93.7, 87.5, 100.0, 100.0, 100.0, 100.0, 100.0, 100.0]",10,0.0011925364,2.5104474898,1.1060261919,0.232,0.28,0.1691244735,0.0042162071,0.1691244735,14,experiment_20261005_093420
demo_texts,tfidf,birch,50,5,0,0.002370125,178.931640625,0.002187083,396.75390625,92.6559898069,"[93.7, 94.4, 100.0, 88.2, 83.3, 88.2, 100.0, 100.0, 100.0, 100.0, 100.0, 100.0]",10,0.0122590534,3.6293853131,1.2540156198,0.4040537241,0.42,0.2174312462,0.032113191,0.2174312462,14,experiment_20261005_093420
demo_texts,tfidf,spectral,50,5,0,0.002370125,178.931640625,0.013005166,92.966796875,90.9733565433,"[100.0, 94.1, 88.9, 94.1, 87.5, 83.3, 100.0, 100.0, 100.0, 100.0, 100.0, 100.0]",10,0.0120606496,3.6780410237,1.2575023826,0.3272718561,0.36,0.1711538856,0.0202011907,0.1711538856,14,experiment_20261005_093420
demo_texts,tfidf,affinity,50,13,0,0.002370125,178.931640625,0.008420916,142.212890625,36.4548765199,"[100.0, 100.0, 100.0, 100.0, 100.0, 100.0, 100.0, 100.0, 100.0, 100.0, 100.0, 100.0]",10,0.0180957994,2.3706446269,1.1597891261,0.2698412698,0.24,0.3017289264,0.0099560761,0.3017289264,14,experiment_20261005_093420
demo_texts,tfidf,hdbscan,50,2,12,0.002370125,178.931640625,0.002047916,27.3203125,1.4290339257,"[31.2, 31.2, 25.0, 25.0, 23.5, 20.0, 29.4, 29.4, 25.0, 25.0, 18.7, 56.3]",10,-0.0005730935,5.4949919288,1.0028236664,0.1518661519,0.2894736842,0.0692871165,-0.0104615841,0.0692871165,14,experiment_20261005_093420
demo_texts,word2vec,kmeans,50,5,0,0.024867875,308.8173828125,0.002941292,78.12890625,91.4200893822,"[16.7, 16.7, 15.4, 8.3, 0.0, 15.4, 9.1, 9.1, 33.3, 16.7, 16.7, 9.1]",2,0.001397704,3.4378606088,1.5628188901,0.3090669856,0.34,0.112233782,0.0050399806,0.112233782,14,experiment_20261005_093420
demo_texts,word2vec,parallel_kmeans,50,5,0,0.024867875,308.8173828125,0.02262825,317.833984375,98.3589524719,"[93.7, 94.1, 93.7, 93.7, 88.2, 81.3, 100.0, 100.0, 100.0, 100.0, 100.0, 100.0]",2,0.0123356096,3.534307403,1.5871178223,0.3220255349,0.34,0.1488484862,0.0227353464,0.1488484862,14,experiment_20261005_093420
demo_texts,word2vec,hierarchical,50,5,0,0.024867875,308.8173828125,0.000783792,51.884765625,49.8732474785,"[100.0, 100.0, 100.0, 100.0, 100.0, 100.0, 100.0, 100.0, 100.0, 100.0, 100.0, 100.0]",2,0.0255337618,3.2646241097,1.9663583101,0.4173870574,0.42,0.1626861534,0.0289123692,0.1626861534,14,experiment_20261005_093420
demo_texts,word2vec,dbscan,50,1,0,0.024867875,308.8173828125,0.001482208,54.7890625,91.3463636074,"[31.6, 31.6, 26.3, 30.0, 26.3, 26.3, 30.0, 30.0, 73.7, 30.0, 26.3, 28.6]",2,-1.0,-1.0,-1.0,0.0666666667,0.2,0.0,0.0,0.0,14,experiment_20261005_093420
demo_texts,word2vec,minibatch,50,5,0,0.024867875,308.8173828125,0.0047045,79.0244140625,92.4134779983,"[94.1, 93.7, 94.1, 88.2, 88.2, 88.2, 100.0, 100.0, 100.0, 94.1, 94.1, 100.0]",2,0.001673443,3.1805680431,1.5635849113,0.2858608059,0.32,0.1496200741,0.0126386074,0.1496200741,14,experiment_20261005_093420
demo_texts,word2vec,birch,50,1,0,0.024867875,308.8173828125,0.001377333,53.8701171875,92.3807496988,"[100.0, 94.4, 94.1, 94.1, 88.2, 82.4, 100.0, 100.0, 100.0, 100.0, 100.0, 100.0]",2,-1.0,-1.0,-1.0,0.0666666667,0.2,0.0,0.0,0.0,14,experiment_20261005_093420
demo_texts,word2vec,spectral,50,5,0,0.024867875,308.8173828125,0.013195417,132.2578125,93.3130921262,"[93.7, 93.7, 93.7, 93.7, 88.2, 88.2, 100.0, 100.0, 100.0, 100.0, 100.0, 100.0]",2,0.0214563012,3.2634537264,2.0124661172,0.3335737235,0.34,0.0763661696,-0.0232266507,0.0763661696,14,experiment_20261005_093420
demo_texts,word2vec,affinity,50,4,0,0.024867875,308.8173828125,0.004231333,143.44921875,41.0039445849,"[94.1, 93.7, 94.1, 93.7, 93.8, 87.5, 100.0, 100.0, 100.0, 100.0, 100.0, 100.0]",2,0.0097787101,3.6467391299,1.6215881771,0.31,0.36,0.1475729686,0.0334900118,0.1475729686,14,experiment_20261005_093420
demo_texts,word2vec,hdbscan,50,0,50,0.024867875,308.8173828125,0.001812041,60.3125,1.6885754515,"[37.5, 31.2, 31.3, 29.4, 25.0, 17.6, 29.4, 37.5, 56.3, 31.3, 41.2, 31.2]",2,-1.0,-1.0,-1.0,0.0,0.0,0.0,0.0,0.0,14,experiment_20261005_093420
demo_texts,fasttext,kmeans,50,5,0,0.538098959,781816.013671875,0.003632875,78.578125,91.4648892332,"[9.1, 9.1, 9.1, 15.4, 16.7, 0.0, 8.3, 15.4, 18.2, 9.1, 8.3, 0.0]",2,-0.0215578247,3.4594347441,1.6210785666,0.3429473051,0.36,0.2113607008,0.0441406806,0.2113607008,14,experiment_20261005_093420
demo_texts,fasttext,parallel_kmeans,50,5,0,0.538098959,781816.013671875,0.023275833,252.70703125,96.5467797754,"[88.9, 94.1, 93.7, 94.1, 88.2, 82.4, 100.0, 100.0, 100.0, 100.0, 100.0, 100.0]",2,0.0223167706,2.6909731835,1.9209477187,0.2863826232,0.32,0.1124800438,-0.0110466722,0.1124800438,14,experiment_20261005_093420
demo_texts,fasttext,hierarchical,50,5,0,0.538098959,781816.013671875,0.000791292,51.884765625,46.3195882034,"[100.0, 100.0, 100.0, 100.0, 100.0, 100.0, 100.0, 100.0, 100.0, 100.0, 100.0, 100.0]",2,0.0077340766,2.8479794064,2.0884795681,0.3650909091,0.42,0.2086707374,0.0683238189,0.2086707374,14,experiment_20261005_093420
demo_texts,fasttext,dbscan,50,1,0,0.538098959,781816.013671875,0.001241584,54.7890625,91.2425172966,"[26.3, 30.0, 25.0, 21.1, 23.8, 21.1, 25.0, 25.0, 27.3, 27.3, 75.0, 25.0]",2,-1.0,-1.0,-1.0,0.0666666667,0.2,0.0,0.0,0.0,14,experiment_20261005_093420
demo_texts,fasttext,minibatch,50,5,0,0.538098959,781816.013671875,0.0072865,78.6845703125,92.1523372759,"[94.4, 94.1, 89.5, 89.5, 94.1, 88.9, 100.0, 100.0, 100.0, 100.0, 100.0, 100.0]",2,0.0384747609,2.5443899798,1.5926649819,0.2577838828,0.3,0.1433552428,-0.0044550134,0.1433552428,14,experiment_20261005_093420
demo_texts,fasttext,birch,50,1,0,0.538098959,781816.013671875,0.001401166,53.8701171875,92.5024825326,"[94.1, 88.2, 94.1, 93.7, 88.2, 88.2, 100.0, 100.0, 100.0, 100.0, 100.0, 100.0]",2,-1.0,-1.0,-1.0,0.0666666667,0.2,0.0,0.0,0.0,14,experiment_20261005_093420
demo_texts,fasttext,spectral,50,5,0,0.538098959,781816.013671875,0.013646458,132.392578125,92.9093401129,"[94.4, 94.4, 100.0, 88.9, 88.9, 88.2, 100.0, 100.0, 100.0, 100.0, 100.0, 100.0]",2,0.0083617121,3.2072267906,2.0918209523,0.3526968937,0.36,0.2096902529,0.0580556321,0.2096902529,14,experiment_20261005_093420
demo_texts,fasttext,affinity,50,9,0,0.538098959,781816.013671875,0.004278834,143.44921875,37.378474723,"[94.1, 94.1, 94.1, 94.1, 94.1, 88.9, 100.0, 100.0, 100.0, 100.0, 100.0, 100.0]",2,0.0085102767,1.975743182,1.8351472445,0.3288981772,0.4,0.2500479373,0.0556098062,0.2500479373,14,experiment_20261005_093420
demo_texts,fasttext,hdbscan,50,0,50,0.538098959,781816.013671875,0.001684333,60.3125,1.4790299742,"[50.0, 31.2, 23.5, 23.5, 17.6, 23.5, 25.0, 27.8, 37.5, 25.0, 23.5, 62.5]",2,-1.0,-1.0,-1.0,0.0,0.0,0.0,0.0,0.0,14,experiment_20261005_093420
demo_texts,doc2vec,kmeans,50,5,0,0.055446125,316.7841796875,0.002878458,78.3134765625,84.7990007143,"[18.2, 33.3, 18.2, 75.0, 8.3, 15.4, 16.7, 50.0, 10.0, 16.7, 8.3, 9.1]",2,0.0100996271,3.5046656034,1.5572498089,0.3059073022,0.32,0.1032567988,-0.0016394282,0.1032567988,14,experiment_20261005_093420
demo_texts,doc2vec,parallel_kmeans,50,5,0,0.055446125,316.7841796875,0.022707208,287.1103515625,98.5984315516,"[94.1, 94.4, 94.4, 94.1, 94.4, 93.7, 100.0, 100.0, 100.0, 100.0, 100.0, 100.0]",2,0.0096303457,3.682845435,1.5706002666,0.3277284635,0.34,0.0871397783,-0.0174525574,0.0871397783,14,experiment_20261005_093420
demo_texts,doc2vec,hierarchical,50,5,0,0.055446125,316.7841796875,0.00079575,51.884765625,51.8708471711,"[100.0, 100.0, 100.0, 100.0, 100.0, 100.0, 100.0, 100.0, 100.0, 100.0, 100.0, 100.0]",2,0.0215029791,3.3987313384,1.8116660239,0.3051482429,0.32,0.0812366019,-0.0240914239,0.0812366019,14,experiment_20261005_093420
demo_texts,doc2vec,dbscan,50,1,0,0.055446125,316.7841796875,0.0010585,54.833984375,91.5454315595,"[30.0, 35.0, 26.3, 26.3, 26.3, 26.3, 47.6, 26.3, 55.0, 28.6, 22.2, 25.0]",2,-1.0,-1.0,-1.0,0.0666666667,0.2,0.0,0.0,0.0,14,experiment_20261005_093420
demo_texts,doc2vec,minibatch,50,5,0,0.055446125,316.7841796875,0.005172042,78.9794921875,92.5409773176,"[94.1, 88.2, 94.4, 94.1, 88.9, 88.9, 100.0, 100.0, 94.7, 100.0, 100.0, 100.0]",2,0.0031086118,3.3620380167,1.5095377709,0.2760606061,0.3,0.0968846025,-0.0303178484,0.0968846025,14,experiment_20261005_093420
demo_texts,doc2vec,birch,50,1,0,0.055446125,316.7841796875,0.00137175,53.8701171875,92.2403873766,"[93.7, 94.1, 93.7, 89.5, 94.1, 87.5, 100.0, 100.0, 100.0, 100.0, 100.0, 100.0]",2,-1.0,-1.0,-1.0,0.0666666667,0.2,0.0,0.0,0.0,14,experiment_20261005_093420
demo_texts,doc2vec,spectral,50,5,0,0.055446125,316.7841796875,0.013534542,132.169921875,93.1992148269,"[94.4, 94.1, 94.1, 93.7, 88.2, 77.8, 100.0, 100.0, 100.0, 100.0, 100.0, 100.0]",2,0.0117789395,3.3789199531,1.8093994147,0.3383914331,0.34,0.1378456918,0.0050761421,0.1378456918,14,experiment_20261005_093420
demo_texts,doc2vec,affinity,50,9,0,0.055446125,316.7841796875,0.005095,143.224609375,36.6325861378,"[100.0, 100.0, 94.4, 94.1, 94.1, 87.5, 100.0, 100.0, 100.0, 100.0, 100.0, 100.0]",2,0.0106560579,2.7124405973,1.5165272613,0.2573412698,0.26,0.2219639543,-0.0062987993,0.2219639543,14,experiment_20261005_093420
demo_texts,doc2vec,hdbscan,50,0,50,0.055446125,316.7841796875,0.001846708,60.267578125,1.6534307707,"[33.3, 29.4, 18.8, 17.6, 17.6, 22.2, 29.4, 55.6, 35.3, 31.2, 27.8, 18.7]",2,-1.0,-1.0,-1.0,0.0,0.0,0.0,0.0,0.0,14,experiment_20261005_093420
demo_texts,sentence_bert,kmeans,50,5,0,0.047862959,122.8232421875,0.003804625,262.2216796875,92.1672613544,"[33.3, 9.1, 9.1, 16.7, 21.4, 15.4, 9.1, 16.7, 33.3, 9.1, 8.3, 15.4]",2,0.041649431,2.9481154755,2.8613165751,0.6423226295,0.64,0.5291025307,0.3663793103,0.5291025307,14,experiment_20261005_093420
demo_texts,sentence_bert,parallel_kmeans,50,5,0,0.047862959,122.8232421875,0.0248515,1054.494140625,98.0571043051,"[94.1, 94.4, 94.4, 93.7, 93.7, 94.1, 100.0, 100.0, 100.0, 100.0, 100.0, 100.0]",2,0.0489962101,2.5441870938,3.3348495156,0.7023809524,0.74,0.71339397,0.6072092159,0.71339397,14,experiment_20261005_093420
demo_texts,sentence_bert,hierarchical,50,5,0,0.047862959,122.8232421875,0.000888958,162.912109375,51.0616871127,"[100.0, 100.0, 100.0, 100.0, 100.0, 100.0, 100.0, 100.0, 100.0, 100.0, 100.0, 100.0]",2,0.0898950025,2.2716077321,3.9060023292,0.8384736842,0.84,0.7769523377,0.671599378,0.7769523377,14,experiment_20261005_093420
demo_texts,sentence_bert,dbscan,50,0,50,0.047862959,122.8232421875,0.00135225,14.669921875,91.5265424013,"[35.0, 31.6, 30.0, 28.6, 28.6, 26.3, 28.6, 28.6, 76.2, 25.0, 30.0, 28.6]",2,-1.0,-1.0,-1.0,0.0,0.0,0.0,0.0,0.0,14,experiment_20261005_093420
demo_texts,sentence_bert,minibatch,50,5,0,0.047862959,122.8232421875,0.006848417,260.978515625,92.7158913471,"[88.2, 94.1, 94.1, 94.1, 93.7, 83.3, 100.0, 100.0, 100.0, 100.0, 94.7, 100.0]",2,0.0792744905,2.3202084836,3.674148457,0.7563478317,0.76,0.631551303,0.502864953,0.631551303,14,experiment_20261005_093420
demo_texts,sentence_bert,birch,50,5,0,0.047862959,122.8232421875,0.002521916,406.60546875,88.6773692195,"[100.0, 94.1, 94.1, 88.2, 88.9, 87.5, 100.0, 100.0, 100.0, 100.0, 100.0, 100.0]",2,0.0898950025,2.2716077321,3.9060023292,0.8384736842,0.84,0.7769523377,0.671599378,0.7769523377,14,experiment_20261005_093420
demo_texts,sentence_bert,spectral,50,5,0,0.047862959,122.8232421875,0.013514458,243.8125,93.0301420432,"[100.0, 100.0, 100.0, 100.0, 100.0, 100.0, 100.0, 100.0, 100.0, 94.4, 100.0, 100.0]",2,0.0591048524,2.5719965053,3.2258354046,0.6376218324,0.68,0.7441753523,0.5693504394,0.7441753523,14,experiment_20261005_093420
demo_texts,sentence_bert,affinity,50,8,0,0.047862959,122.8232421875,0.004814,353.99609375,35.6314660566,"[89.5, 94.1, 94.1, 94.4, 94.4, 88.9, 100.0, 100.0, 100.0, 100.0, 100.0, 100.0]",2,0.0600384995,2.1127829449,2.9453388154,0.5569067371,0.58,0.6473105272,0.4779874214,0.6473105272,14,experiment_20261005_093420
demo_texts,sentence_bert,hdbscan,50,0,50,0.047862959,122.8232421875,0.002477375,180.05078125,1.626649597,"[25.0, 29.4, 35.3, 18.8, 13.3, 13.3, 64.7, 18.8, 23.5, 29.4, 33.3, 23.5]",2,-1.0,-1.0,-1.0,0.0,0.0,0.0,0.0,0.0,14,experiment_20261005_093420
demo_texts,tfidf,kmeans,50,5,0,0.002933208,178.9658203125,0.002934583,303.541015625,92.3575927143,"[18.2, 16.7, 16.7, 9.1, 0.0, 15.4, 18.2, 9.1, 16.7, 25.0, 33.3, 9.1]",10,0.0046408442,3.8754547501,1.1286969479,0.2718414918,0.34,0.151716353,0.0224782242,0.151716353,15,experiment_20261005_093437
demo_texts,tfidf,parallel_kmeans,50,5,0,0.002933208,178.9658203125,0.020893084,1002.32421875,98.170102181,"[88.9, 93.8, 93.7, 88.2, 94.1, 87.5, 100.0, 100.0, 100.0, 100.0, 100.0, 100.0]",10,0.0101367176,2.9911273371,1.2029760447,0.2576015289,0.3,0.1427641546,0.0019246191,0.1427641546,15,experiment_20261005_093437
demo_texts,tfidf,hierarchical,50,5,0,0.002933208,178.9658203125,0.000846333,22.892578125,48.1102769352,"[100.0, 100.0, 100.0, 100.0, 100.0, 100.0, 100.0, 100.0, 100.0, 100.0, 100.0, 100.0]",10,0.0122590534,3.6293853131,1.2540156198,0.4040537241,0.42,0.2174312462,0.032113191,0.2174312462,15,experiment_20261005_093437
demo_texts,tfidf,dbscan,50,0,50,0.002933208,178.9658203125,0.000980625,14.623046875,91.546576675,"[31.6, 30.0, 23.8, 25.0, 25.0, 25.0, 25.0, 25.0, 30.0, 75.0, 25.0, 28.6]",10,-1.0,-1.0,-1.0,0.0,0.0,0.0,0.0,0.0,15,experiment_20261005_093437
demo_texts,tfidf,minibatch,50,5,0,0.002933208,178.9658203125,0.005662167,272.623046875,91.7011800479,"[94.1, 88.9, 100.0, 94.4, 94.1, 88.2, 100.0, 100.0, 100.0, 100.0, 100.0, 100.0]",10,0.0011925364,2.5104474898,1.1060261919,0.232,0.28,0.1691244735,0.0042162071,0.1691244735,15,experiment_20261005_093437
demo_texts,tfidf,birch,50,5,0,0.002933208,178.9658203125,0.002175458,396.708984375,92.2583937556,"[94.1, 94.1, 88.9, 87.5, 88.9, 88.9, 100.0, 100.0, 100.0, 100.0, 100.0, 100.0]",10,0.0122590534,3.6293853131,1.2540156198,0.4040537241,0.42,0.2174312462,0.032113191,0.2174312462,15,experiment_20261005_093437
demo_texts,tfidf,spectral,50,5,0,0.002933208,178.9658203125,0.012615459,92.876953125,92.9033652116,"[94.1, 93.7, 93.7, 88.2, 87.5, 87.5, 100.0, 100.0, 100.0, 100.0, 100.0, 100.0]",10,0.0120606496,3.6780410237,1.2575023826,0.3272718561,0.36,0.1711538856,0.0202011907,0.1711538856,15,experiment_20261005_093437
demo_texts,tfidf,affinity,50,13,0,0.002933208,178.9658203125,0.008477375,142.16796875,36.5686386593,"[94.1, 94.4, 94.4, 94.4, 88.2, 88.9, 100.0, 100.0, 100.0, 100.0, 100.0, 100.0]",10,0.0180957994,2.3706446269,1.1597891261,0.2698412698,0.24,0.3017289264,0.0099560761,0.3017289264,15,experiment_20261005_093437
demo_texts,tfidf,hdbscan,50,2,12,0.002933208,178.9658203125,0.002072917,27.3203125,1.5202450597,"[31.3, 25.0, 25.0, 23.5, 23.5, 18.8, 47.1, 23.5, 23.5, 23.5, 43.8, 23.5]",10,-0.0005730935,5.4949919288,1.0028236664,0.1518661519,0.2894736842,0.0692871165,-0.0104615841,0.0692871165,15,experiment_20261005_093437
demo_texts,word2vec,kmeans,50,5,0,0.0243685,308.1298828125,0.003215083,78.6279296875,91.8864592469,"[16.7, 16.7, 15.4, 0.0, 9.1, 8.3, 25.0, 8.3, 9.1, 9.1, 9.1, 16.7]",2,0.001397704,3.4378606088,1.5628188901,0.3090669856,0.34,0.112233782,0.0050399806,0.112233782,15,experiment_20261005_093437
demo_texts,word2vec,parallel_kmeans,50,5,0,0.0243685,308.1298828125,0.022811792,284.4091796875,98.5593545513,"[93.7, 93.8, 93.7, 88.9, 88.2, 93.7, 100.0, 100.0, 100.0, 100.0, 100.0, 100.0]",2,0.0123356096,3.534307403,1.5871178223,0.3220255349,0.34,0.1488484862,0.0227353464,0.1488484862,15,experiment_20261005_093437
demo_texts,word2vec,hierarchical,50,5,0,0.0243685,308.1298828125,0.000788208,51.884765625,44.9097771512,"[100.0, 100.0, 100.0, 100.0, 100.0, 100.0, 100.0, 100.0, 100.0, 100.0, 100.0, 100.0]",2,0.0255337618,3.2646241097,1.9663583101,0.4173870574,0.42,0.1626861534,0.0289123692,0.1626861534,15,experiment_20261005_093437
demo_texts,word2vec,dbscan,50,1,0,0.0243685,308.1298828125,0.001113959,54.744140625,85.7627107048,"[70.0, 31.6, 33.3, 66.7, 26.3, 30.0, 30.0, 30.0, 33.3, 30.0, 70.0, 28.6]",2,-1.0,-1.0,-1.0,0.0666666667,0.2,0.0,0.0,0.0,15,experiment_20261005_093437
demo_texts,word2vec,minibatch,50,5,0,0.0243685,308.1298828125,0.004793208,79.2939453125,92.3768103681,"[93.8, 94.1, 100.0, 94.1, 94.1, 88.2, 100.0, 100.0, 100.0, 100.0, 100.0, 100.0]",2,0.001673443,3.1805680431,1.5635849113,0.2858608059,0.32,0.1496200741,0.0126386074,0.1496200741,15,experiment_20261005_093437
demo_texts,word2vec,birch,50,1,0,0.0243685,308.1298828125,0.001515875,53.8701171875,90.3397767283,"[94.1, 94.1, 88.9, 88.2, 94.1, 93.7, 100.0, 100.0, 100.0, 100.0, 100.0, 100.0]",2,-1.0,-1.0,-1.0,0.0666666667,0.2,0.0,0.0,0.0,15,experiment_20261005_093437
demo_texts,word2vec,spectral,50,5,0,0.0243685,308.1298828125,0.013219625,131.98828125,92.8643312739,"[94.1, 100.0, 93.7, 94.1, 88.2, 82.4, 100.0, 100.0, 94.1, 100.0, 100.0, 100.0]",2,0.0214563012,3.2634537264,2.0124661172,0.3335737235,0.34,0.0763661696,-0.0232266507,0.0763661696,15,experiment_20261005_093437
demo_texts,word2vec,affinity,50,4,0,0.0243685,308.1298828125,0.004275916,143.359375,41.7653969571,"[100.0, 94.1, 100.0, 94.1, 93.7, 94.1, 100.0, 100.0, 100.0, 100.0, 100.0, 100.0]",2,0.0097787101,3.6467391299,1.6215881771,0.31,0.36,0.1475729686,0.0334900118,0.1475729686,15,experiment_20261005_093437
demo_texts,word2vec,hdbscan,50,0,50,0.0243685,308.1298828125,0.001742916,60.3125,1.4692639653,"[37.5, 37.5, 25.0, 37.5, 29.4, 25.0, 25.0, 50.0, 43.8, 29.4, 31.2, 26.7]",2,-1.0,-1.0,-1.0,0.0,0.0,0.0,0.0,0.0,15,experiment_20261005_093437
demo_texts,fasttext,kmeans,50,5,0,0.548148083,781815.927734375,0.003244666,78.1640625,92.1503063714,"[9.1, 15.4, 9.1, 0.0, 9.1, 9.1, 16.7, 0.0, 8.3, 8.3, 27.3, 8.3]",2,-0.0215578247,3.4594347441,1.6210785666,0.3429473051,0.36,0.2113607008,0.0441406806,0.2113607008,15,experiment_20261005_093437
demo_texts,fasttext,parallel_kmeans,50,5,0,0.548148083,781815.927734375,0.023113291,250.3720703125,91.4391506925,"[94.4, 94.1, 88.9, 94.4, 88.9, 88.2, 100.0, 100.0, 100.0, 100.0, 100.0, 100.0]",2,0.0223167706,2.6909731835,1.9209477187,0.2863826232,0.32,0.1124800438,-0.0110466722,0.1124800438,15,experiment_20261005_093437
demo_texts,fasttext,hierarchical,50,5,0,0.548148083,781815.927734375,0.000783167,51.884765625,47.6775822304,"[100.0, 100.0, 100.0, 100.0, 100.0, 100.0, 100.0, 100.0, 100.0, 100.0, 100.0, 100.0]",2,0.0077340766,2.8479794064,2.0884795681,0.3650909091,0.42,0.2086707374,0.0683238189,0.2086707374,15,experiment_20261005_093437
demo_texts,fasttext,dbscan,50,1,0,0.548148083,781815.927734375,0.001432667,54.744140625,91.2662287497,"[40.0, 38.1, 30.0, 25.0, 25.0, 23.8, 28.6, 25.0, 21.1, 25.0, 25.0, 76.2]",2,-1.0,-1.0,-1.0,0.0666666667,0.2,0.0,0.0,0.0,15,experiment_20261005_093437
demo_texts,fasttext,minibatch,50,5,0,0.548148083,781815.927734375,0.004309417,78.8642578125,92.3984587838,"[94.1, 100.0, 88.9, 94.1, 88.9, 87.5, 100.0, 100.0, 100.0, 100.0, 100.0, 100.0]",2,0.0384747609,2.5443899798,1.5926649819,0.2577838828,0.3,0.1433552428,-0.0044550134,0.1433552428,15,experiment_20261005_093437
demo_texts,fasttext,birch,50,1,0,0.548148083,781815.927734375,0.001414958,53.8701171875,92.3126716849,"[94.1, 88.9, 94.1, 94.4, 88.9, 88.9, 100.0, 100.0, 100.0, 100.0, 100.0, 100.0]",2,-1.0,-1.0,-1.0,0.0666666667,0.2,0.0,0.0,0.0,15,experiment_20261005_093437
demo_texts,fasttext,spectral,50,5,0,0.548148083,781815.927734375,0.012436208,132.212890625,92.9136798963,"[94.4, 100.0, 94.1, 94.1, 88.9, 77.8, 100.0, 100.0, 100.0, 100.0, 100.0, 100.0]",2,0.0083617121,3.2072267906,2.0918209523,0.3526968937,0.36,0.2096902529,0.0580556321,0.2096902529,15,experiment_20261005_093437
demo_texts,fasttext,affinity,50,9,0,0.548148083,781815.927734375,0.004246167,143.359375,32.8721045163,"[94.1, 94.1, 88.2, 94.4, 100.0, 94.1, 100.0, 100.0, 100.0, 100.0, 100.0, 100.0]",2,0.0085102767,1.975743182,1.8351472445,0.3288981772,0.4,0.2500479373,0.0556098062,0.2500479373,15,experiment_20261005_093437
demo_texts,fasttext,hdbscan,50,0,50,0.548148083,781815.927734375,0.001704667,60.3125,1.5676345472,"[29.4, 23.5, 22.2, 17.6, 22.2, 17.6, 18.8, 31.2, 27.8, 22.2, 58.8, 26.3]",2,-1.0,-1.0,-1.0,0.0,0.0,0.0,0.0,0.0,15,experiment_20261005_093437
demo_texts,doc2vec,kmeans,50,5,0,0.056097375,318.2294921875,0.002807375,78.30859375,91.4040243951,"[9.1, 25.0, 15.4, 16.7, 0.0, 8.3, 16.7, 9.1, 9.1, 36.4, 33.3, 0.0]",2,0.0100996271,3.5046656034,1.5572498089,0.3059073022,0.32,0.1032567988,-0.0016394282,0.1032567988,15,experiment_20261005_093437
demo_texts,doc2vec,parallel_kmeans,50,5,0,0.056097375,318.2294921875,0.0229865,216.7392578125,98.9275398029,"[94.1, 94.1, 93.7, 94.1, 88.9, 88.2, 100.0, 100.0, 100.0, 100.0, 100.0, 100.0]",2,0.0096303457,3.682845435,1.5706002666,0.3277284635,0.34,0.0871397783,-0.0174525574,0.0871397783,15,experiment_20261005_093437
demo_texts,doc2vec,hierarchical,50,5,0,0.056097375,318.2294921875,0.000793375,51.884765625,50.8284008241,"[100.0, 100.0, 100.0, 100.0, 100.0, 100.0, 100.0, 100.0, 100.0, 100.0, 100.0, 100.0]",2,0.0215029791,3.3987313384,1.8116660239,0.3051482429,0.32,0.0812366019,-0.0240914239,0.0812366019,15,experiment_20261005_093437
demo_texts,doc2vec,dbscan,50,1,0,0.056097375,318.2294921875,0.00106325,54.833984375,89.685511818,"[66.7, 35.0, 33.3, 26.3, 31.6, 25.0, 28.6, 28.6, 28.6, 30.0, 30.0, 75.0]",2,-1.0,-1.0,-1.0,0.0666666667,0.2,0.0,0.0,0.0,15,experiment_20261005_093437
demo_texts,doc2vec,minibatch,50,5,0,0.056097375,318.2294921875,0.005314125,79.2041015625,92.4974667736,"[100.0, 100.0, 100.0, 100.0, 100.0, 100.0, 100.0, 100.0, 100.0, 94.4, 100.0, 100.0]",2,0.0031086118,3.3620380167,1.5095377709,0.2760606061,0.3,0.0968846025,-0.0303178484,0.0968846025,15,experiment_20261005_093437
demo_texts,doc2vec,birch,50,1,0,0.056097375,318.2294921875,0.001380584,53.7802734375,91.0516045377,"[94.1, 94.1, 93.7, 88.2, 94.1, 94.1, 100.0, 100.0, 100.0, 100.0, 100.0, 100.0]",2,-1.0,-1.0,-1.0,0.0666666667,0.2,0.0,0.0,0.0,15,experiment_20261005_093437
demo_texts,doc2vec,spectral,50,5,0,0.056097375,318.2294921875,0.013469209,132.302734375,93.2393188037,"[93.7, 94.1, 88.9, 88.2, 87.5, 83.3, 100.0, 100.0, 100.0, 100.0, 100.0, 100.0]",2,0.0117789395,3.3789199531,1.8093994147,0.3383914331,0.34,0.1378456918,0.0050761421,0.1378456918,15,experiment_20261005_093437
demo_texts,doc2vec,affinity,50,9,0,0.056097375,318.2294921875,0.005117166,143.359375,42.0354857641,"[94.1, 94.1, 100.0, 94.1, 93.7, 87.5, 100.0, 100.0, 100.0, 100.0, 100.0, 100.0]",2,0.0106560579,2.7124405973,1.5165272613,0.2573412698,0.26,0.2219639543,-0.0062987993,0.2219639543,15,experiment_20261005_093437
demo_texts,doc2vec,hdbscan,50,0,50,0.056097375,318.2294921875,0.001959375,60.1328125,1.8342234667,"[29.4, 29.4, 27.8, 25.0, 27.8, 23.5, 33.3, 25.0, 68.8, 25.0, 27.8, 27.8]",2,-1.0,-1.0,-1.0,0.0,0.0,0.0,0.0,0.0,15,experiment_20261005_093437
demo_texts,sentence_bert,kmeans,50,5,0,0.048962584,120.25,0.003349583,261.4853515625,91.3547347734,"[27.3, 16.7, 9.1, 15.4, 15.4, 15.4, 25.0, 16.7, 16.7, 16.7, 8.3, 9.1]",2,0.041649431,2.9481154755,2.8613165751,0.6423226295,0.64,0.5291025307,0.3663793103,0.5291025307,15,experiment_20261005_093437
demo_texts,sentence_bert,parallel_kmeans,50,5,0,0.048962584,120.25,0.025871959,1066.3818359375,96.8983315267,"[94.4, 94.4, 94.4, 88.2, 88.9, 82.4, 100.0, 100.0, 100.0, 100.0, 100.0, 100.0]",2,0.0489962101,2.5441870938,3.3348495156,0.7023809524,0.74,0.71339397,0.6072092159,0.71339397,15,experiment_20261005_093437
demo_texts,sentence_bert,hierarchical,50,5,0,0.048962584,120.25,0.00090075,162.8671875,51.6035993876,"[100.0, 100.0, 100.0, 100.0, 100.0, 100.0, 100.0, 100.0, 100.0, 100.0, 100.0, 100.0]",2,0.0898950025,2.2716077321,3.9060023292,0.8384736842,0.84,0.7769523377,0.671599378,0.7769523377,15,experiment_20261005_093437
demo_texts,sentence_bert,dbscan,50,0,50,0.048962584,120.25,0.001713625,14.71484375,91.1267349066,"[31.6, 30.0, 26.3, 26.3, 30.0, 30.0, 25.0, 26.3, 26.3, 30.0, 73.7, 25.0]",2,-1.0,-1.0,-1.0,0.0,0.0,0.0,0.0,0.0,15,experiment_20261005_093437
demo_texts,sentence_bert,minibatch,50,5,0,0.048962584,120.25,0.005354209,260.86328125,92.516006425,"[88.9, 94.4, 89.5, 94.4, 87.5, 88.2, 100.0, 94.4, 94.7, 100.0, 100.0, 100.0]",2,0.0792744905,2.3202084836,3.674148457,0.7563478317,0.76,0.631551303,0.502864953,0.631551303,15,experiment_20261005_093437
demo_texts,sentence_bert,birch,50,5,0,0.048962584,120.25,0.002396167,406.6953125,92.8954193426,"[94.1, 100.0, 93.8, 94.1, 88.9, 93.7, 100.0, 100.0, 100.0, 100.0, 100.0, 100.0]",2,0.0898950025,2.2716077321,3.9060023292,0.8384736842,0.84,0.7769523377,0.671599378,0.7769523377,15,experiment_20261005_093437
demo_texts,sentence_bert,spectral,50,5,0,0.048962584,120.25,0.01327675,243.58203125,93.0308416844,"[100.0, 94.1, 94.1, 88.2, 87.5, 88.9, 100.0, 100.0, 100.0, 100.0, 100.0, 100.0]",2,0.0591048524,2.5719965053,3.2258354046,0.6376218324,0.68,0.7441753523,0.5693504394,0.7441753523,15,experiment_20261005_093437
demo_texts,sentence_bert,affinity,50,8,0,0.048962584,120.25,0.004816541,353.90625,35.5264667628,"[94.4, 94.4, 94.1, 94.1, 94.4, 88.2, 100.0, 100.0, 100.0, 100.0, 100.0, 100.0]",2,0.0600384995,2.1127829449,2.9453388154,0.5569067371,0.58,0.6473105272,0.4779874214,0.6473105272,15,experiment_20261005_093437
demo_texts,sentence_bert,hdbscan,50,0,50,0.048962584,120.25,0.00251925,180.125,1.5979999161,"[29.4, 29.4, 23.5, 23.5, 18.8, 17.6, 47.1, 64.7, 25.0, 33.3, 25.0, 18.7]",2,-1.0,-1.0,-1.0,0.0,0.0,0.0,0.0,0.0,15,experiment_20261005_093437
demo_texts,tfidf,kmeans,50,5,0,0.00287175,178.8681640625,0.002682417,303.451171875,92.4288653668,"[18.2, 18.2, 8.3, 16.7, 0.0, 9.1, 45.5, 0.0, 8.3, 16.7, 16.7, 15.4]",10,0.0046408442,3.8754547501,1.1286969479,0.2718414918,0.34,0.151716353,0.0224782242,0.151716353,16,experiment_20261005_093453
demo_texts,tfidf,parallel_kmeans,50,5,0,0.00287175,178.8681640625,0.021521458,1130.9375,98.5062461776,"[94.1, 94.1, 93.7, 88.2, 94.1, 82.4, 100.0, 100.0, 100.0, 100.0, 100.0, 100.0]",10,0.0101367176,2.9911273371,1.2029760447,0.2576015289,0.3,0.1427641546,0.0019246191,0.1427641546,16,experiment_20261005_093453
demo_texts,tfidf,hierarchical,50,5,0,0.00287175,178.8681640625,0.000850875,22.892578125,46.7760654524,"[100.0, 100.0, 100.0, 100.0, 100.0, 100.0, 100.0, 100.0, 100.0, 100.0, 100.0, 100.0]",10,0.0122590534,3.6293853131,1.2540156198,0.4040537241,0.42,0.2174312462,0.032113191,0.2174312462,16,experiment_20261005_093453
demo_texts,tfidf,dbscan,50,0,50,0.00287175,178.8681640625,0.000918417,14.66796875,91.7390825186,"[35.0, 30.0, 25.0, 28.6, 21.1, 25.0, 71.4, 30.0, 26.3, 25.0, 28.6, 25.0]",10,-1.0,-1.0,-1.0,0.0,0.0,0.0,0.0,0.0,16,experiment_20261005_093453
demo_texts,tfidf,minibatch,50,5,0,0.00287175,178.8681640625,0.006281084,272.712890625,91.7525648851,"[94.1, 94.1, 100.0, 87.5, 88.9, 81.2, 100.0, 100.0, 100.0, 100.0, 100.0, 100.0]",10,0.0011925364,2.5104474898,1.1060261919,0.232,0.28,0.1691244735,0.0042162071,0.1691244735,16,experiment_20261005_093453
demo_texts,tfidf,birch,50,5,0,0.00287175,178.8681640625,0.002181291,396.6640625,92.370072995,"[100.0, 100.0, 88.2, 94.1, 82.4, 88.9, 100.0, 100.0, 100.0, 100.0, 100.0, 100.0]",10,0.0122590534,3.6293853131,1.2540156198,0.4040537241,0.42,0.2174312462,0.032113191,0.2174312462,16,experiment_20261005_093453
demo_texts,tfidf,spectral,50,5,0,0.00287175,178.8681640625,0.012507917,92.966796875,92.2682424656,"[94.1, 94.1, 94.1, 94.4, 93.7, 81.2, 100.0, 100.0, 100.0, 100.0, 100.0, 100.0]",10,0.0120606496,3.6780410237,1.2575023826,0.3272718561,0.36,0.1711538856,0.0202011907,0.1711538856,16,experiment_20261005_093453
demo_texts,tfidf,affinity,50,13,0,0.00287175,178.8681640625,0.00841175,142.033203125,37.6777102287,"[94.1, 100.0, 93.8, 87.5, 88.9, 83.3, 100.0, 100.0, 100.0, 100.0, 100.0, 100.0]",10,0.0180957994,2.3706446269,1.1597891261,0.2698412698,0.24,0.3017289264,0.0099560761,0.3017289264,16,experiment_20261005_093453
demo_texts,tfidf,hdbscan,50,2,12,0.00287175,178.8681640625,0.002103208,27.3203125,1.4269929326,"[31.2, 29.4, 33.3, 25.0, 18.8, 25.0, 37.5, 58.8, 25.0, 25.0, 25.0, 25.0]",10,-0.0005730935,5.4949919288,1.0028236664,0.1518661519,0.2894736842,0.0692871165,-0.0104615841,0.0692871165,16,experiment_20261005_093453
demo_texts,word2vec,kmeans,50,5,0,0.024206,307.1083984375,0.002842292,78.2685546875,91.7029038735,"[18.2, 16.7, 9.1, 16.7, 16.7, 8.3, 18.2, 9.1, 9.1, 16.7, 27.3, 9.1]",2,0.001397704,3.4378606088,1.5628188901,0.3090669856,0.34,0.112233782,0.0050399806,0.112233782,16,experiment_20261005_093453
demo_texts,word2vec,parallel_kmeans,50,5,0,0.024206,307.1083984375,0.02330375,303.4580078125,98.3079332512,"[94.1, 93.7, 93.7, 94.1, 87.5, 87.5, 100.0, 100.0, 100.0, 100.0, 100.0, 100.0]",2,0.0123356096,3.534307403,1.5871178223,0.3220255349,0.34,0.1488484862,0.0227353464,0.1488484862,16,experiment_20261005_093453
demo_texts,word2vec,hierarchical,50,5,0,0.024206,307.1083984375,0.000788958,51.884765625,53.2702272758,"[100.0, 100.0, 100.0, 100.0, 100.0, 100.0, 100.0, 100.0, 100.0, 100.0, 100.0, 100.0]",2,0.0255337618,3.2646241097,1.9663583101,0.4173870574,0.42,0.1626861534,0.0289123692,0.1626861534,16,experiment_20261005_093453
demo_texts,word2vec,dbscan,50,1,0,0.024206,307.1083984375,0.001505875,54.7890625,91.1158135107,"[38.1, 40.0, 30.0, 33.3, 28.6, 33.3, 30.0, 30.0, 76.2, 30.0, 30.0, 28.6]",2,-1.0,-1.0,-1.0,0.0666666667,0.2,0.0,0.0,0.0,16,experiment_20261005_093453
demo_texts,word2vec,minibatch,50,5,0,0.024206,307.1083984375,0.004623792,78.9794921875,92.7676837244,"[93.7, 93.7, 93.7, 87.5, 88.2, 87.5, 100.0, 100.0, 100.0, 100.0, 100.0, 100.0]",2,0.001673443,3.1805680431,1.5635849113,0.2858608059,0.32,0.1496200741,0.0126386074,0.1496200741,16,experiment_20261005_093453
demo_texts,word2vec,birch,50,1,0,0.024206,307.1083984375,0.001412,53.8701171875,92.3611565459,"[100.0, 94.1, 94.1, 93.7, 87.5, 87.5, 100.0, 100.0, 100.0, 100.0, 100.0, 100.0]",2,-1.0,-1.0,-1.0,0.0666666667,0.2,0.0,0.0,0.0,16,experiment_20261005_093453
demo_texts,word2vec,spectral,50,5,0,0.024206,307.1083984375,0.01305,132.302734375,93.1937639579,"[94.4, 93.8, 88.9, 94.1, 88.2, 82.4, 100.0, 100.0, 100.0, 100.0, 100.0, 100.0]",2,0.0214563012,3.2634537264,2.0124661172,0.3335737235,0.34,0.0763661696,-0.0232266507,0.0763661696,16,experiment_20261005_093453
demo_texts,word2vec,affinity,50,4,0,0.024206,307.1083984375,0.004240708,143.271484375,41.0516898954,"[93.8, 94.4, 93.7, 93.8, 93.7, 88.2, 100.0, 100.0, 100.0, 100.0, 100.0, 100.0]",2,0.0097787101,3.6467391299,1.6215881771,0.31,0.36,0.1475729686,0.0334900118,0.1475729686,16,experiment_20261005_093453
demo_texts,word2vec,hdbscan,50,0,50,0.024206,307.1083984375,0.001775583,60.267578125,1.7069794454,"[33.3, 31.2, 31.2, 25.0, 18.8, 12.5, 35.3, 35.3, 29.4, 25.0, 29.4, 66.7]",2,-1.0,-1.0,-1.0,0.0,0.0,0.0,0.0,0.0,16,experiment_20261005_093453
demo_texts,fasttext,kmeans,50,5,0,0.516552917,781815.953125,0.002637959,78.07421875,91.4462817358,"[9.1, 10.0, 9.1, 9.1, 9.1, 9.1, 9.1, 8.3, 9.1, 63.6, 33.3, 9.1]",2,-0.0215578247,3.4594347441,1.6210785666,0.3429473051,0.36,0.2113607008,0.0441406806,0.2113607008,16,experiment_20261005_093453
demo_texts,fasttext,parallel_kmeans,50,5,0,0.516552917,781815.953125,0.022953708,296.794921875,98.5721794663,"[94.1, 94.1, 88.9, 94.4, 88.9, 77.8, 100.0, 100.0, 100.0, 100.0, 100.0, 100.0]",2,0.0223167706,2.6909731835,1.9209477187,0.2863826232,0.32,0.1124800438,-0.0110466722,0.1124800438,16,experiment_20261005_093453
demo_texts,fasttext,hierarchical,50,5,0,0.516552917,781815.953125,0.000821125,53.1337890625,46.3936411555,"[100.0, 100.0, 100.0, 100.0, 100.0, 100.0, 100.0, 100.0, 100.0, 100.0, 100.0, 100.0]",2,0.0077340766,2.8479794064,2.0884795681,0.3650909091,0.42,0.2086707374,0.0683238189,0.2086707374,16,experiment_20261005_093453
demo_texts,fasttext,dbscan,50,1,0,0.516552917,781815.953125,0.001070042,54.833984375,91.2557934737,"[33.3, 30.0, 30.0, 28.6, 28.6, 30.0, 25.0, 75.0, 21.1, 25.0, 25.0, 25.0]",2,-1.0,-1.0,-1.0,0.0666666667,0.2,0.0,0.0,0.0,16,experiment_20261005_093453
demo_texts,fasttext,minibatch,50,5,0,0.516552917,781815.953125,0.004422458,79.2041015625,91.4560340516,"[94.1, 94.4, 88.9, 94.4, 87.5, 82.4, 100.0, 100.0, 100.0, 100.0, 100.0, 100.0]",2,0.0384747609,2.5443899798,1.5926649819,0.2577838828,0.3,0.1433552428,-0.0044550134,0.1433552428,16,experiment_20261005_093453
demo_texts,fasttext,birch,50,1,0,0.516552917,781815.953125,0.001388833,53.8251953125,92.2396523661,"[94.1, 94.1, 94.1, 88.9, 94.4, 84.2, 100.0, 100.0, 100.0, 100.0, 100.0, 100.0]",2,-1.0,-1.0,-1.0,0.0666666667,0.2,0.0,0.0,0.0,16,experiment_20261005_093453
demo_texts,fasttext,spectral,50,5,0,0.516552917,781815.953125,0.012497166,132.078125,93.0616436794,"[94.1, 88.9, 94.1, 93.7, 88.2, 93.7, 100.0, 100.0, 100.0, 100.0, 100.0, 100.0]",2,0.0083617121,3.2072267906,2.0918209523,0.3526968937,0.36,0.2096902529,0.0580556321,0.2096902529,16,experiment_20261005_093453
demo_texts,fasttext,affinity,50,9,0,0.516552917,781815.953125,0.004284292,143.359375,36.2068461956,"[94.4, 100.0, 94.4, 94.1, 94.1, 88.2, 100.0, 100.0, 100.0, 100.0, 100.0, 100.0]",2,0.0085102767,1.975743182,1.8351472445,0.3288981772,0.4,0.2500479373,0.0556098062,0.2500479373,16,experiment_20261005_093453
demo_texts,fasttext,hdbscan,50,0,50,0.516552917,781815.953125,0.001842,60.22265625,1.4265416986,"[31.2, 23.5, 23.5, 22.2, 17.6, 17.6, 35.3, 18.7, 22.2, 62.5, 27.8, 27.8]",2,-1.0,-1.0,-1.0,0.0,0.0,0.0,0.0,0.0,16,experiment_20261005_093453
demo_texts,doc2vec,kmeans,50,5,0,0.056318625,318.5341796875,0.002724833,78.2685546875,91.4054070405,"[18.2, 8.3, 16.7, 8.3, 15.4, 8.3, 18.2, 8.3, 9.1, 33.3, 33.3, 0.0]",2,0.0100996271,3.5046656034,1.5572498089,0.3059073022,0.32,0.1032567988,-0.0016394282,0.1032567988,16,experiment_20261005_093453
demo_texts,doc2vec,parallel_kmeans,50,5,0,0.056318625,318.5341796875,0.022880167,281.2392578125,98.5695232599,"[88.9, 94.1, 94.1, 93.7, 87.5, 88.2, 100.0, 100.0, 100.0, 100.0, 100.0, 100.0]",2,0.0096303457,3.682845435,1.5706002666,0.3277284635,0.34,0.0871397783,-0.0174525574,0.0871397783,16,experiment_20261005_093453
demo_texts,doc2vec,hierarchical,50,5,0,0.056318625,318.5341796875,0.000777958,51.884765625,47.183271697,"[100.0, 100.0, 100.0, 100.0, 100.0, 100.0, 100.0, 100.0, 100.0, 100.0, 100.0, 100.0]",2,0.0215029791,3.3987313384,1.8116660239,0.3051482429,0.32,0.0812366019,-0.0240914239,0.0812366019,16,experiment_20261005_093453
demo_texts,doc2vec,dbscan,50,1,0,0.056318625,318.5341796875,0.001411833,54.833984375,91.4833315052,"[31.6, 33.3, 28.6, 28.6, 21.1, 25.0, 71.4, 25.0, 25.0, 25.0, 25.0, 25.0]",2,-1.0,-1.0,-1.0,0.0666666667,0.2,0.0,0.0,0.0,16,experiment_20261005_093453
demo_texts,doc2vec,minibatch,50,5,0,0.056318625,318.5341796875,0.008130834,78.794921875,92.0191285667,"[94.1, 100.0, 88.2, 88.2, 88.9, 88.2, 100.0, 100.0, 100.0, 100.0, 100.0, 100.0]",2,0.0031086118,3.3620380167,1.5095377709,0.2760606061,0.3,0.0968846025,-0.0303178484,0.0968846025,16,experiment_20261005_093453
demo_texts,doc2vec,birch,50,1,0,0.056318625,318.5341796875,0.001428209,53.8701171875,92.1775717388,"[94.4, 93.8, 94.4, 93.7, 88.2, 88.9, 100.0, 100.0, 100.0, 100.0, 100.0, 100.0]",2,-1.0,-1.0,-1.0,0.0666666667,0.2,0.0,0.0,0.0,16,experiment_20261005_093453
demo_texts,doc2vec,spectral,50,5,0,0.056318625,318.5341796875,0.013527209,132.123046875,92.6912831033,"[93.7, 94.1, 93.7, 88.2, 93.7, 93.7, 100.0, 100.0, 100.0, 100.0, 100.0, 100.0]",2,0.0117789395,3.3789199531,1.8093994147,0.3383914331,0.34,0.1378456918,0.0050761421,0.1378456918,16,experiment_20261005_093453
demo_texts,doc2vec,affinity,50,9,0,0.056318625,318.5341796875,0.005103458,143.44921875,39.3397472206,"[100.0, 88.2, 100.0, 94.1, 94.1, 94.1, 100.0, 100.0, 100.0, 100.0, 100.0, 100.0]",2,0.0106560579,2.7124405973,1.5165272613,0.2573412698,0.26,0.2219639543,-0.0062987993,0.2219639543,16,experiment_20261005_093453
demo_texts,doc2vec,hdbscan,50,0,50,0.056318625,318.5341796875,0.001846792,60.22265625,1.5679456299,"[35.3, 33.3, 23.5, 23.5, 23.5, 17.6, 25.0, 64.7, 35.3, 29.4, 29.4, 23.5]",2,-1.0,-1.0,-1.0,0.0,0.0,0.0,0.0,0.0,16,experiment_20261005_093453
demo_texts,sentence_bert,kmeans,50,5,0,0.035868417,121.640625,0.003373,261.525390625,91.7238375414,"[16.7, 30.8, 16.7, 9.1, 16.7, 16.7, 15.4, 15.4, 16.7, 0.0, 16.7, 18.2]",2,0.041649431,2.9481154755,2.8613165751,0.6423226295,0.64,0.5291025307,0.3663793103,0.5291025307,16,experiment_20261005_093453
demo_texts,sentence_bert,parallel_kmeans,50,5,0,0.035868417,121.640625,0.025110875,1071.2734375,98.3754239473,"[94.1, 88.2, 94.1, 88.9, 88.2, 88.2, 100.0, 100.0, 100.0, 100.0, 100.0, 100.0]",2,0.0489962101,2.5441870938,3.3348495156,0.7023809524,0.74,0.71339397,0.6072092159,0.71339397,16,experiment_20261005_093453
demo_texts,sentence_bert,hierarchical,50,5,0,0.035868417,121.640625,0.000932292,163.7607421875,49.5894734806,"[100.0, 100.0, 100.0, 100.0, 100.0, 100.0, 100.0, 100.0, 100.0, 100.0, 100.0, 100.0]",2,0.0898950025,2.2716077321,3.9060023292,0.8384736842,0.84,0.7769523377,0.671599378,0.7769523377,16,experiment_20261005_093453
demo_texts,sentence_bert,dbscan,50,0,50,0.035868417,121.640625,0.001493959,14.71484375,90.876388405,"[30.0, 30.0, 30.0, 26.3, 26.3, 25.0, 30.0, 73.7, 26.3, 26.3, 30.0, 28.6]",2,-1.0,-1.0,-1.0,0.0,0.0,0.0,0.0,0.0,16,experiment_20261005_093453
demo_texts,sentence_bert,minibatch,50,5,0,0.035868417,121.640625,0.005287125,261.1630859375,91.5523966525,"[94.1, 94.1, 93.7, 88.2, 88.2, 88.2, 100.0, 100.0, 100.0, 100.0, 100.0, 100.0]",2,0.0792744905,2.3202084836,3.674148457,0.7563478317,0.76,0.631551303,0.502864953,0.631551303,16,experiment_20261005_093453
demo_texts,sentence_bert,birch,50,5,0,0.035868417,121.640625,0.002382541,406.6953125,92.2674455316,"[94.1, 94.1, 88.9, 88.9, 88.9, 94.4, 100.0, 100.0, 100.0, 100.0, 100.0, 100.0]",2,0.0898950025,2.2716077321,3.9060023292,0.8384736842,0.84,0.7769523377,0.671599378,0.7769523377,16,experiment_20261005_093453
demo_texts,sentence_bert,spectral,50,5,0,0.035868417,121.640625,0.013429333,243.046875,92.5114730486,"[94.4, 94.1, 94.1, 88.2, 94.1, 88.2, 100.0, 100.0, 100.0, 100.0, 100.0, 100.0]",2,0.0591048524,2.5719965053,3.2258354046,0.6376218324,0.68,0.7441753523,0.5693504394,0.7441753523,16,experiment_20261005_093453
demo_texts,sentence_bert,affinity,50,8,0,0.035868417,121.640625,0.004847125,353.951171875,38.4449276914,"[93.7, 100.0, 88.2, 94.1, 94.1, 88.2, 100.0, 100.0, 100.0, 100.0, 100.0, 100.0]",2,0.0600384995,2.1127829449,2.9453388154,0.5569067371,0.58,0.6473105272,0.4779874214,0.6473105272,16,experiment_20261005_093453
demo_texts,sentence_bert,hdbscan,50,0,50,0.035868417,121.640625,0.002469709,180.23046875,1.5486888886,"[38.9, 31.3, 25.0, 23.5, 23.5, 18.7, 23.5, 27.8, 29.4, 23.5, 29.4, 62.5]",2,-1.0,-1.0,-1.0,0.0,0.0,0.0,0.0,0.0,16,experiment_20261005_093453
demo_texts,tfidf,kmeans,50,5,0,0.002451083,178.8251953125,0.00286125,303.541015625,91.4616548319,"[25.0, 10.0, 9.1, 0.0, 9.1, 16.7, 25.0, 9.1, 9.1, 25.0, 9.1, 18.2]",10,0.0046408442,3.8754547501,1.1286969479,0.2718414918,0.34,0.151716353,0.0224782242,0.151716353,17,experiment_20261005_093511
demo_texts,tfidf,parallel_kmeans,50,5,0,0.002451083,178.8251953125,0.021237125,1063.23046875,95.034893115,"[93.7, 94.1, 94.1, 94.1, 88.2, 83.3, 100.0, 100.0, 100.0, 100.0, 100.0, 100.0]",10,0.0101367176,2.9911273371,1.2029760447,0.2576015289,0.3,0.1427641546,0.0019246191,0.1427641546,17,experiment_20261005_093511
demo_texts,tfidf,hierarchical,50,5,0,0.002451083,178.8251953125,0.000909542,23.736328125,47.7921068749,"[100.0, 100.0, 100.0, 100.0, 100.0, 100.0, 100.0, 100.0, 100.0, 100.0, 100.0, 100.0]",10,0.0122590534,3.6293853131,1.2540156198,0.4040537241,0.42,0.2174312462,0.032113191,0.2174312462,17,experiment_20261005_093511
demo_texts,tfidf,dbscan,50,0,50,0.002451083,178.8251953125,0.001125708,14.66796875,91.558564651,"[30.0, 25.0, 25.0, 23.8, 21.1, 25.0, 25.0, 71.4, 25.0, 21.1, 28.6, 25.0]",10,-1.0,-1.0,-1.0,0.0,0.0,0.0,0.0,0.0,17,experiment_20261005_093511
demo_texts,tfidf,minibatch,50,5,0,0.002451083,178.8251953125,0.006875625,273.296875,91.7304842816,"[94.1, 94.1, 94.4, 94.4, 88.2, 88.2, 100.0, 100.0, 100.0, 100.0, 100.0, 100.0]",10,0.0011925364,2.5104474898,1.1060261919,0.232,0.28,0.1691244735,0.0042162071,0.1691244735,17,experiment_20261005_093511
demo_texts,tfidf,birch,50,5,0,0.002451083,178.8251953125,0.002278708,396.75390625,89.7802495574,"[100.0, 94.1, 88.2, 93.7, 89.5, 82.4, 100.0, 100.0, 100.0, 100.0, 100.0, 100.0]",10,0.0122590534,3.6293853131,1.2540156198,0.4040537241,0.42,0.2174312462,0.032113191,0.2174312462,17,experiment_20261005_093511
demo_texts,tfidf,spectral,50,5,0,0.002451083,178.8251953125,0.012649542,93.595703125,92.8254231728,"[100.0, 100.0, 100.0, 100.0, 100.0, 100.0, 100.0, 100.0, 94.1, 94.1, 100.0, 100.0]",10,0.0120606496,3.6780410237,1.2575023826,0.3272718561,0.36,0.1711538856,0.0202011907,0.1711538856,17,experiment_20261005_093511
demo_texts,tfidf,affinity,50,13,0,0.002451083,178.8251953125,0.008450125,142.212890625,39.0763066866,"[94.1, 94.1, 94.1, 94.1, 88.9, 88.2, 100.0, 100.0, 100.0, 100.0, 100.0, 100.0]",10,0.0180957994,2.3706446269,1.1597891261,0.2698412698,0.24,0.3017289264,0.0099560761,0.3017289264,17,experiment_20261005_093511
demo_texts,tfidf,hdbscan,50,2,12,0.002451083,178.8251953125,0.002103667,27.05078125,1.5798958646,"[37.5, 35.3, 25.0, 25.0, 20.0, 18.7, 29.4, 62.5, 25.0, 37.5, 25.0, 29.4]",10,-0.0005730935,5.4949919288,1.0028236664,0.1518661519,0.2894736842,0.0692871165,-0.0104615841,0.0692871165,17,experiment_20261005_093511
demo_texts,word2vec,kmeans,50,5,0,0.024380792,308.3251953125,0.003273,78.208984375,91.9899336887,"[16.7, 16.7, 9.1, 8.3, 15.4, 8.3, 9.1, 9.1, 15.4, 8.3, 20.0, 16.7]",2,0.001397704,3.4378606088,1.5628188901,0.3090669856,0.34,0.112233782,0.0050399806,0.112233782,17,experiment_20261005_093511
demo_texts,word2vec,parallel_kmeans,50,5,0,0.024380792,308.3251953125,0.022908416,251.2607421875,98.2843596241,"[93.7, 94.1, 88.9, 94.1, 93.7, 88.2, 100.0, 100.0, 100.0, 100.0, 100.0, 100.0]",2,0.0123356096,3.534307403,1.5871178223,0.3220255349,0.34,0.1488484862,0.0227353464,0.1488484862,17,experiment_20261005_093511
demo_texts,word2vec,hierarchical,50,5,0,0.024380792,308.3251953125,0.000775625,51.884765625,55.2318931742,"[100.0, 100.0, 100.0, 100.0, 100.0, 100.0, 100.0, 100.0, 100.0, 100.0, 100.0, 100.0]",2,0.0255337618,3.2646241097,1.9663583101,0.4173870574,0.42,0.1626861534,0.0289123692,0.1626861534,17,experiment_20261005_093511
demo_texts,word2vec,dbscan,50,1,0,0.024380792,308.3251953125,0.001098792,54.833984375,91.123631339,"[35.0, 33.3, 31.6, 33.3, 26.3, 33.3, 30.0, 30.0, 31.6, 75.0, 26.3, 33.3]",2,-1.0,-1.0,-1.0,0.0666666667,0.2,0.0,0.0,0.0,17,experiment_20261005_093511
demo_texts,word2vec,minibatch,50,5,0,0.024380792,308.3251953125,0.004614833,79.333984375,92.5365796059,"[100.0, 100.0, 94.4, 93.8, 88.2, 86.7, 100.0, 100.0, 100.0, 100.0, 100.0, 100.0]",2,0.001673443,3.1805680431,1.5635849113,0.2858608059,0.32,0.1496200741,0.0126386074,0.1496200741,17,experiment_20261005_093511
demo_texts,word2vec,birch,50,1,0,0.024380792,308.3251953125,0.00142375,53.8701171875,91.2426332934,"[94.1, 88.2, 93.3, 88.2, 88.2, 87.5, 100.0, 100.0, 100.0, 100.0, 100.0, 100.0]",2,-1.0,-1.0,-1.0,0.0666666667,0.2,0.0,0.0,0.0,17,experiment_20261005_093511
demo_texts,word2vec,spectral,50,5,0,0.024380792,308.3251953125,0.013192625,132.169921875,93.2409625127,"[93.8, 94.1, 94.4, 94.1, 88.2, 83.3, 100.0, 100.0, 100.0, 100.0, 100.0, 100.0]",2,0.0214563012,3.2634537264,2.0124661172,0.3335737235,0.34,0.0763661696,-0.0232266507,0.0763661696,17,experiment_20261005_093511
demo_texts,word2vec,affinity,50,4,0,0.024380792,308.3251953125,0.00426525,143.404296875,39.839269523,"[94.4, 94.4, 94.1, 93.7, 94.1, 88.2, 100.0, 100.0, 100.0, 100.0, 100.0, 100.0]",2,0.0097787101,3.6467391299,1.6215881771,0.31,0.36,0.1475729686,0.0334900118,0.1475729686,17,experiment_20261005_093511
demo_texts,word2vec,hdbscan,50,0,50,0.024380792,308.3251953125,0.001867208,60.22265625,0.970709142,"[31.3, 31.2, 25.0, 29.4, 23.5, 23.5, 29.4, 29.4, 25.0, 64.7, 29.4, 25.0]",2,-1.0,-1.0,-1.0,0.0,0.0,0.0,0.0,0.0,17,experiment_20261005_093511
demo_texts,fasttext,kmeans,50,5,0,0.5459725,781815.9453125,0.002995208,78.0693359375,92.5083893821,"[23.1, 9.1, 9.1, 16.7, 9.1, 8.3, 8.3, 8.3, 18.2, 8.3, 9.1, 25.0]",2,-0.0215578247,3.4594347441,1.6210785666,0.3429473051,0.36,0.2113607008,0.0441406806,0.2113607008,17,experiment_20261005_093511
demo_texts,fasttext,parallel_kmeans,50,5,0,0.5459725,781815.9453125,0.023095333,297.279296875,97.7549495626,"[100.0, 100.0, 94.1, 88.9, 88.9, 94.1, 100.0, 100.0, 100.0, 100.0, 100.0, 100.0]",2,0.0223167706,2.6909731835,1.9209477187,0.2863826232,0.32,0.1124800438,-0.0110466722,0.1124800438,17,experiment_20261005_093511
demo_texts,fasttext,hierarchical,50,5,0,0.5459725,781815.9453125,0.000782542,51.884765625,44.5672606106,"[100.0, 100.0, 100.0, 100.0, 100.0, 100.0, 100.0, 100.0, 100.0, 100.0, 100.0, 100.0]",2,0.0077340766,2.8479794064,2.0884795681,0.3650909091,0.42,0.2086707374,0.0683238189,0.2086707374,17,experiment_20261005_093511
demo_texts,fasttext,dbscan,50,1,0,0.5459725,781815.9453125,0.001443875,54.833984375,91.2815428602,"[33.3, 25.0, 28.6, 25.0, 20.0, 23.8, 20.0, 71.4, 25.0, 23.8, 20.0, 21.1]",2,-1.0,-1.0,-1.0,0.0666666667,0.2,0.0,0.0,0.0,17,experiment_20261005_093511
demo_texts,fasttext,minibatch,50,5,0,0.5459725,781815.9453125,0.004389875,79.2041015625,92.5339149609,"[94.1, 100.0, 94.1, 88.9, 94.1, 82.4, 100.0, 100.0, 100.0, 100.0, 100.0, 100.0]",2,0.0384747609,2.5443899798,1.5926649819,0.2577838828,0.3,0.1433552428,-0.0044550134,0.1433552428,17,experiment_20261005_093511
demo_texts,fasttext,birch,50,1,0,0.5459725,781815.9453125,0.001418708,53.6904296875,91.5998191899,"[100.0, 94.4, 88.9, 94.4, 88.9, 83.3, 100.0, 100.0, 100.0, 100.0, 100.0, 100.0]",2,-1.0,-1.0,-1.0,0.0666666667,0.2,0.0,0.0,0.0,17,experiment_20261005_093511
demo_texts,fasttext,spectral,50,5,0,0.5459725,781815.9453125,0.017434375,132.033203125,90.7108234358,"[94.1, 94.1, 94.1, 93.7, 82.4, 82.4, 100.0, 100.0, 100.0, 100.0, 100.0, 100.0]",2,0.0083617121,3.2072267906,2.0918209523,0.3526968937,0.36,0.2096902529,0.0580556321,0.2096902529,17,experiment_20261005_093511
demo_texts,fasttext,affinity,50,9,0,0.5459725,781815.9453125,0.0043055,143.13671875,38.2777667231,"[100.0, 100.0, 100.0, 100.0, 100.0, 100.0, 100.0, 100.0, 100.0, 100.0, 100.0, 100.0]",2,0.0085102767,1.975743182,1.8351472445,0.3288981772,0.4,0.2500479373,0.0556098062,0.2500479373,17,experiment_20261005_093511
demo_texts,fasttext,hdbscan,50,0,50,0.5459725,781815.9453125,0.001799916,60.22265625,1.685275123,"[31.3, 23.5, 17.6, 22.2, 22.2, 22.2, 23.5, 25.0, 55.6, 27.8, 31.2, 31.6]",2,-1.0,-1.0,-1.0,0.0,0.0,0.0,0.0,0.0,17,experiment_20261005_093511
demo_texts,doc2vec,kmeans,50,5,0,0.0566105,317.3837890625,0.002689667,78.2236328125,92.2238145984,"[18.2, 9.1, 9.1, 9.1, 8.3, 0.0, 18.2, 16.7, 33.3, 16.7, 27.3, 25.0]",2,0.0100996271,3.5046656034,1.5572498089,0.3059073022,0.32,0.1032567988,-0.0016394282,0.1032567988,17,experiment_20261005_093511
demo_texts,doc2vec,parallel_kmeans,50,5,0,0.0566105,317.3837890625,0.022845833,271.2802734375,97.9667408791,"[94.1, 94.1, 93.7, 94.1, 93.7, 88.9, 100.0, 100.0, 100.0, 100.0, 100.0, 100.0]",2,0.0096303457,3.682845435,1.5706002666,0.3277284635,0.34,0.0871397783,-0.0174525574,0.0871397783,17,experiment_20261005_093511
demo_texts,doc2vec,hierarchical,50,5,0,0.0566105,317.3837890625,0.000782458,51.884765625,51.5395612343,"[100.0, 100.0, 100.0, 100.0, 100.0, 100.0, 100.0, 100.0, 100.0, 100.0, 100.0, 100.0]",2,0.0215029791,3.3987313384,1.8116660239,0.3051482429,0.32,0.0812366019,-0.0240914239,0.0812366019,17,experiment_20261005_093511
demo_texts,doc2vec,dbscan,50,1,0,0.0566105,317.3837890625,0.001085583,54.833984375,91.2094299663,"[35.0, 31.6, 26.3, 30.0, 25.0, 26.3, 75.0, 28.6, 30.0, 28.6, 28.6, 28.6]",2,-1.0,-1.0,-1.0,0.0666666667,0.2,0.0,0.0,0.0,17,experiment_20261005_093511
demo_texts,doc2vec,minibatch,50,5,0,0.0566105,317.3837890625,0.007310333,78.9794921875,92.3169132129,"[94.4, 94.4, 94.1, 88.2, 88.9, 77.8, 100.0, 100.0, 100.0, 100.0, 100.0, 100.0]",2,0.0031086118,3.3620380167,1.5095377709,0.2760606061,0.3,0.0968846025,-0.0303178484,0.0968846025,17,experiment_20261005_093511
demo_texts,doc2vec,birch,50,1,0,0.0566105,317.3837890625,0.001414166,53.7802734375,91.2761704585,"[100.0, 93.8, 88.9, 94.1, 93.7, 88.2, 100.0, 100.0, 100.0, 100.0, 100.0, 100.0]",2,-1.0,-1.0,-1.0,0.0666666667,0.2,0.0,0.0,0.0,17,experiment_20261005_093511
demo_texts,doc2vec,spectral,50,5,0,0.0566105,317.3837890625,0.013454,131.98828125,93.0056841087,"[88.9, 94.1, 94.1, 94.1, 88.2, 87.5, 100.0, 100.0, 100.0, 100.0, 100.0, 100.0]",2,0.0117789395,3.3789199531,1.8093994147,0.3383914331,0.34,0.1378456918,0.0050761421,0.1378456918,17,experiment_20261005_093511
demo_texts,doc2vec,affinity,50,9,0,0.0566105,317.3837890625,0.00513875,143.44921875,40.3757186314,"[94.1, 94.4, 93.7, 94.1, 88.9, 94.1, 100.0, 100.0, 100.0, 100.0, 100.0, 100.0]",2,0.0106560579,2.7124405973,1.5165272613,0.2573412698,0.26,0.2219639543,-0.0062987993,0.2219639543,17,experiment_20261005_093511
demo_texts,doc2vec,hdbscan,50,0,50,0.0566105,317.3837890625,0.001847334,60.1328125,0.8746216851,"[31.2, 31.2, 27.8, 29.4, 20.0, 23.5, 23.5, 25.0, 20.0, 29.4, 62.5, 25.0]",2,-1.0,-1.0,-1.0,0.0,0.0,0.0,0.0,0.0,17,experiment_20261005_093511
demo_texts,sentence_bert,kmeans,50,5,0,0.050705792,121.0498046875,0.003276625,261.7548828125,92.2074492758,"[27.3, 8.3, 16.7, 8.3, 9.1, 9.1, 9.1, 9.1, 25.0, 15.4, 25.0, 9.1]",2,0.041649431,2.9481154755,2.8613165751,0.6423226295,0.64,0.5291025307,0.3663793103,0.5291025307,17,experiment_20261005_093511
demo_texts,sentence_bert,parallel_kmeans,50,5,0,0.050705792,121.0498046875,0.025586458,1066.5458984375,98.6782199264,"[94.4, 100.0, 94.1, 94.1, 94.1, 88.9, 100.0, 100.0, 100.0, 100.0, 100.0, 100.0]",2,0.0489962101,2.5441870938,3.3348495156,0.7023809524,0.74,0.71339397,0.6072092159,0.71339397,17,experiment_20261005_093511
demo_texts,sentence_bert,hierarchical,50,5,0,0.050705792,121.0498046875,0.0008795,162.912109375,52.8674113967,"[100.0, 100.0, 100.0, 100.0, 100.0, 100.0, 100.0, 100.0, 100.0, 100.0, 100.0, 100.0]",2,0.0898950025,2.2716077321,3.9060023292,0.8384736842,0.84,0.7769523377,0.671599378,0.7769523377,17,experiment_20261005_093511
demo_texts,sentence_bert,dbscan,50,0,50,0.050705792,121.0498046875,0.001321792,14.669921875,91.1913480378,"[35.0, 30.0, 30.0, 28.6, 25.0, 30.0, 28.6, 75.0, 26.3, 30.0, 28.6, 30.0]",2,-1.0,-1.0,-1.0,0.0,0.0,0.0,0.0,0.0,17,experiment_20261005_093511
demo_texts,sentence_bert,minibatch,50,5,0,0.050705792,121.0498046875,0.006657166,261.1826171875,92.7345527769,"[88.2, 94.1, 94.1, 94.1, 88.2, 81.2, 100.0, 100.0, 94.7, 100.0, 100.0, 94.1]",2,0.0792744905,2.3202084836,3.674148457,0.7563478317,0.76,0.631551303,0.502864953,0.631551303,17,experiment_20261005_093511
demo_texts,sentence_bert,birch,50,5,0,0.050705792,121.0498046875,0.002416542,406.6953125,91.0055990459,"[100.0, 94.1, 94.1, 93.7, 94.1, 77.8, 100.0, 100.0, 100.0, 100.0, 100.0, 100.0]",2,0.0898950025,2.2716077321,3.9060023292,0.8384736842,0.84,0.7769523377,0.671599378,0.7769523377,17,experiment_20261005_093511
demo_texts,sentence_bert,spectral,50,5,0,0.050705792,121.0498046875,0.013466334,243.361328125,93.2448454257,"[94.7, 100.0, 100.0, 94.1, 88.2, 93.7, 100.0, 100.0, 100.0, 100.0, 100.0, 100.0]",2,0.0591048524,2.5719965053,3.2258354046,0.6376218324,0.68,0.7441753523,0.5693504394,0.7441753523,17,experiment_20261005_093511
demo_texts,sentence_bert,affinity,50,8,0,0.050705792,121.0498046875,0.00481025,353.90625,36.6588738703,"[93.7, 88.9, 94.1, 94.1, 94.4, 88.9, 100.0, 100.0, 100.0, 100.0, 100.0, 100.0]",2,0.0600384995,2.1127829449,2.9453388154,0.5569067371,0.58,0.6473105272,0.4779874214,0.6473105272,17,experiment_20261005_093511
demo_texts,sentence_bert,hdbscan,50,0,50,0.050705792,121.0498046875,0.002594625,179.990234375,1.3994198517,"[52.9, 52.9, 52.9, 33.3, 29.4, 27.8, 23.5, 29.4, 43.8, 41.2, 29.4, 25.0]",2,-1.0,-1.0,-1.0,0.0,0.0,0.0,0.0,0.0,17,experiment_20261005_093511
demo_texts,tfidf,kmeans,50,5,0,0.002489167,178.8173828125,0.002795333,303.541015625,91.502570478,"[25.0, 16.7, 9.1, 0.0, 15.4, 9.1, 16.7, 9.1, 18.2, 15.4, 9.1, 33.3]",10,0.0046408442,3.8754547501,1.1286969479,0.2718414918,0.34,0.151716353,0.0224782242,0.151716353,18,experiment_20261005_093527
demo_texts,tfidf,parallel_kmeans,50,5,0,0.002489167,178.8173828125,0.021362375,1098.4169921875,98.384508295,"[94.1, 94.1, 93.7, 94.1, 87.5, 87.5, 100.0, 100.0, 100.0, 100.0, 100.0, 100.0]",10,0.0101367176,2.9911273371,1.2029760447,0.2576015289,0.3,0.1427641546,0.0019246191,0.1427641546,18,experiment_20261005_093527
demo_texts,tfidf,hierarchical,50,5,0,0.002489167,178.8173828125,0.000841208,22.892578125,48.1879872751,"[100.0, 100.0, 100.0, 100.0, 100.0, 100.0, 100.0, 100.0, 100.0, 100.0, 100.0, 100.0]",10,0.0122590534,3.6293853131,1.2540156198,0.4040537241,0.42,0.2174312462,0.032113191,0.2174312462,18,experiment_20261005_093527
demo_texts,tfidf,dbscan,50,0,50,0.002489167,178.8173828125,0.000910625,14.623046875,91.6066435359,"[33.3, 30.0, 28.6, 25.0, 25.0, 27.3, 33.3, 23.8, 65.0, 25.0, 25.0, 23.8]",10,-1.0,-1.0,-1.0,0.0,0.0,0.0,0.0,0.0,18,experiment_20261005_093527
demo_texts,tfidf,minibatch,50,5,0,0.002489167,178.8173828125,0.006767833,272.9375,91.8209152229,"[94.1, 88.2, 88.2, 88.9, 88.9, 87.5, 100.0, 100.0, 100.0, 100.0, 100.0, 100.0]",10,0.0011925364,2.5104474898,1.1060261919,0.232,0.28,0.1691244735,0.0042162071,0.1691244735,18,experiment_20261005_093527
demo_texts,tfidf,birch,50,5,0,0.002489167,178.8173828125,0.002174333,396.708984375,92.2993763221,"[93.3, 94.1, 94.1, 94.1, 94.1, 82.4, 100.0, 100.0, 100.0, 100.0, 100.0, 100.0]",10,0.0122590534,3.6293853131,1.2540156198,0.4040537241,0.42,0.2174312462,0.032113191,0.2174312462,18,experiment_20261005_093527
demo_texts,tfidf,spectral,50,5,0,0.002489167,178.8173828125,0.012557958,93.595703125,93.1872056938,"[94.4, 94.1, 93.7, 93.7, 88.2, 88.2, 100.0, 100.0, 100.0, 100.0, 100.0, 100.0]",10,0.0120606496,3.6780410237,1.2575023826,0.3272718561,0.36,0.1711538856,0.0202011907,0.1711538856,18,experiment_20261005_093527
demo_texts,tfidf,affinity,50,13,0,0.002489167,178.8173828125,0.008363083,141.98828125,35.5379902446,"[100.0, 94.1, 88.9, 94.1, 100.0, 88.2, 100.0, 100.0, 100.0, 100.0, 100.0, 100.0]",10,0.0180957994,2.3706446269,1.1597891261,0.2698412698,0.24,0.3017289264,0.0099560761,0.3017289264,18,experiment_20261005_093527
demo_texts,tfidf,hdbscan,50,2,12,0.002489167,178.8173828125,0.002094666,27.3203125,1.5415063307,"[29.4, 29.4, 23.5, 18.7, 22.2, 18.8, 25.0, 29.4, 62.5, 23.5, 18.8, 35.3]",10,-0.0005730935,5.4949919288,1.0028236664,0.1518661519,0.2894736842,0.0692871165,-0.0104615841,0.0692871165,18,experiment_20261005_093527
demo_texts,word2vec,kmeans,50,5,0,0.024284208,308.9091796875,0.00339825,78.2236328125,91.7626800254,"[16.7, 8.3, 16.7, 8.3, 0.0, 0.0, 9.1, 9.1, 16.7, 8.3, 25.0, 16.7]",2,0.001397704,3.4378606088,1.5628188901,0.3090669856,0.34,0.112233782,0.0050399806,0.112233782,18,experiment_20261005_093527
demo_texts,word2vec,parallel_kmeans,50,5,0,0.024284208,308.9091796875,0.316507584,295.9609375,98.6423151355,"[98.0333333333, 98.0333333333, 97.9, 97.9333333333, 96.3, 96.0666666667, 100.0, 100.0, 100.0, 100.0, 100.0, 100.0]",2,0.0123356096,3.534307403,1.5871178223,0.3220255349,0.34,0.1488484862,0.0227353464,0.1488484862,18,experiment_20261005_093527
demo_texts,word2vec,hierarchical,50,5,0,0.024284208,308.9091796875,0.000808667,51.884765625,30.2915400149,"[100.0, 100.0, 100.0, 100.0, 100.0, 100.0, 100.0, 100.0, 100.0, 100.0, 100.0, 100.0]",2,0.0255337618,3.2646241097,1.9663583101,0.4173870574,0.42,0.1626861534,0.0289123692,0.1626861534,18,experiment_20261005_093527
demo_texts,word2vec,dbscan,50,1,0,0.024284208,308.9091796875,0.001417375,54.833984375,91.5782745209,"[31.6, 30.0, 15.8, 20.0, 15.0, 10.5, 25.0, 60.0, 15.8, 15.8, 21.1, 25.0]",2,-1.0,-1.0,-1.0,0.0666666667,0.2,0.0,0.0,0.0,18,experiment_20261005_093527
demo_texts,word2vec,minibatch,50,5,0,0.024284208,308.9091796875,0.004704458,78.9794921875,92.3884718864,"[88.9, 100.0, 88.9, 93.8, 93.7, 88.2, 100.0, 100.0, 100.0, 100.0, 100.0, 100.0]",2,0.001673443,3.1805680431,1.5635849113,0.2858608059,0.32,0.1496200741,0.0126386074,0.1496200741,18,experiment_20261005_093527
demo_texts,word2vec,birch,50,1,0,0.024284208,308.9091796875,0.0014145,53.9638671875,92.2094146492,"[100.0, 88.2, 94.1, 94.1, 88.2, 88.2, 100.0, 100.0, 100.0, 100.0, 100.0, 100.0]",2,-1.0,-1.0,-1.0,0.0666666667,0.2,0.0,0.0,0.0,18,experiment_20261005_093527
demo_texts,word2vec,spectral,50,5,0,0.024284208,308.9091796875,0.020902292,132.078125,90.6004319827,"[94.1, 100.0, 93.7, 93.7, 87.5, 87.5, 100.0, 100.0, 100.0, 100.0, 100.0, 100.0]",2,0.0214563012,3.2634537264,2.0124661172,0.3335737235,0.34,0.0763661696,-0.0232266507,0.0763661696,18,experiment_20261005_093527
demo_texts,word2vec,affinity,50,4,0,0.024284208,308.9091796875,0.00425225,143.404296875,46.5620213015,"[100.0, 100.0, 100.0, 100.0, 100.0, 100.0, 94.1, 100.0, 100.0, 100.0, 100.0, 94.1]",2,0.0097787101,3.6467391299,1.6215881771,0.31,0.36,0.1475729686,0.0334900118,0.1475729686,18,experiment_20261005_093527
demo_texts,word2vec,hdbscan,50,0,50,0.024284208,308.9091796875,0.001757334,60.642578125,1.4182547465,"[31.3, 31.2, 29.4, 29.4, 25.0, 25.0, 37.5, 37.5, 31.2, 31.2, 31.2, 68.8]",2,-1.0,-1.0,-1.0,0.0,0.0,0.0,0.0,0.0,18,experiment_20261005_093527
demo_texts,fasttext,kmeans,50,5,0,0.545794083,781816.18359375,0.003171417,78.07421875,92.4195292268,"[16.7, 16.7, 16.7, 8.3, 15.4, 15.4, 8.3, 8.3, 8.3, 9.1, 33.3, 0.0]",2,-0.0215578247,3.4594347441,1.6210785666,0.3429473051,0.36,0.2113607008,0.0441406806,0.2113607008,18,experiment_20261005_093527
demo_texts,fasttext,parallel_kmeans,50,5,0,0.545794083,781816.18359375,0.023320375,251.7890625,98.5859987908,"[94.4, 100.0, 93.7, 94.1, 88.2, 88.2, 100.0, 100.0, 100.0, 100.0, 100.0, 100.0]",2,0.0223167706,2.6909731835,1.9209477187,0.2863826232,0.32,0.1124800438,-0.0110466722,0.1124800438,18,experiment_20261005_093527
demo_texts,fasttext,hierarchical,50,5,0,0.545794083,781816.18359375,0.000764125,51.884765625,48.7856857173,"[100.0, 100.0, 100.0, 100.0, 100.0, 100.0, 100.0, 100.0, 100.0, 100.0, 100.0, 100.0]",2,0.0077340766,2.8479794064,2.0884795681,0.3650909091,0.42,0.2086707374,0.0683238189,0.2086707374,18,experiment_20261005_093527
demo_texts,fasttext,dbscan,50,1,0,0.545794083,781816.18359375,0.001446584,54.7890625,91.3239607761,"[35.0, 30.0, 25.0, 25.0, 25.0, 25.0, 73.7, 25.0, 26.3, 23.8, 25.0, 35.0]",2,-1.0,-1.0,-1.0,0.0666666667,0.2,0.0,0.0,0.0,18,experiment_20261005_093527
demo_texts,fasttext,minibatch,50,5,0,0.545794083,781816.18359375,0.004367792,79.3837890625,92.5452221478,"[94.4, 88.9, 94.1, 88.2, 88.9, 88.2, 100.0, 100.0, 94.7, 100.0, 100.0, 100.0]",2,0.0384747609,2.5443899798,1.5926649819,0.2577838828,0.3,0.1433552428,-0.0044550134,0.1433552428,18,experiment_20261005_093527
demo_texts,fasttext,birch,50,1,0,0.545794083,781816.18359375,0.00140775,53.7353515625,92.1049315006,"[94.1, 100.0, 94.1, 94.1, 88.2, 88.9, 100.0, 100.0, 100.0, 100.0, 100.0, 100.0]",2,-1.0,-1.0,-1.0,0.0666666667,0.2,0.0,0.0,0.0,18,experiment_20261005_093527
demo_texts,fasttext,spectral,50,5,0,0.545794083,781816.18359375,0.012433583,132.482421875,92.2203441978,"[100.0, 94.1, 94.1, 89.5, 88.2, 88.2, 100.0, 100.0, 100.0, 100.0, 100.0, 100.0]",2,0.0083617121,3.2072267906,2.0918209523,0.3526968937,0.36,0.2096902529,0.0580556321,0.2096902529,18,experiment_20261005_093527
demo_texts,fasttext,affinity,50,9,0,0.545794083,781816.18359375,0.004249667,143.44921875,35.9699223267,"[94.4, 94.1, 94.4, 93.7, 88.9, 83.3, 100.0, 100.0, 100.0, 100.0, 100.0, 100.0]",2,0.0085102767,1.975743182,1.8351472445,0.3288981772,0.4,0.2500479373,0.0556098062,0.2500479373,18,experiment_20261005_093527
demo_texts,fasttext,hdbscan,50,0,50,0.545794083,781816.18359375,0.001692875,60.3125,0.1661371704,"[25.0, 33.3, 23.5, 23.5, 12.5, 12.5, 33.3, 61.1, 25.0, 23.5, 27.8, 23.5]",2,-1.0,-1.0,-1.0,0.0,0.0,0.0,0.0,0.0,18,experiment_20261005_093527
demo_texts,doc2vec,kmeans,50,5,0,0.055651333,317.1123046875,0.002762458,78.2138671875,91.4684610799,"[25.0, 9.1, 8.3, 8.3, 8.3, 8.3, 10.0, 0.0, 16.7, 9.1, 33.3, 27.3]",2,0.0100996271,3.5046656034,1.5572498089,0.3059073022,0.32,0.1032567988,-0.0016394282,0.1032567988,18,experiment_20261005_093527
demo_texts,doc2vec,parallel_kmeans,50,5,0,0.055651333,317.1123046875,0.022931041,293.7802734375,97.9090437344,"[100.0, 94.4, 93.7, 93.8, 94.1, 88.2, 100.0, 100.0, 100.0, 100.0, 100.0, 100.0]",2,0.0096303457,3.682845435,1.5706002666,0.3277284635,0.34,0.0871397783,-0.0174525574,0.0871397783,18,experiment_20261005_093527
demo_texts,doc2vec,hierarchical,50,5,0,0.055651333,317.1123046875,0.000785875,51.884765625,50.3599415943,"[100.0, 100.0, 100.0, 100.0, 100.0, 100.0, 100.0, 100.0, 100.0, 100.0, 100.0, 100.0]",2,0.0215029791,3.3987313384,1.8116660239,0.3051482429,0.32,0.0812366019,-0.0240914239,0.0812366019,18,experiment_20261005_093527
demo_texts,doc2vec,dbscan,50,1,0,0.055651333,317.1123046875,0.001413541,54.833984375,91.6529696955,"[30.0, 31.6, 26.3, 25.0, 25.0, 25.0, 25.0, 33.3, 30.0, 25.0, 75.0, 35.0]",2,-1.0,-1.0,-1.0,0.0666666667,0.2,0.0,0.0,0.0,18,experiment_20261005_093527
demo_texts,doc2vec,minibatch,50,5,0,0.055651333,317.1123046875,0.005209167,78.939453125,92.4413000697,"[94.1, 94.4, 94.1, 94.4, 93.7, 87.5, 100.0, 100.0, 100.0, 100.0, 100.0, 94.1]",2,0.0031086118,3.3620380167,1.5095377709,0.2760606061,0.3,0.0968846025,-0.0303178484,0.0968846025,18,experiment_20261005_093527
demo_texts,doc2vec,birch,50,1,0,0.055651333,317.1123046875,0.001491,53.8701171875,92.1519682445,"[94.1, 100.0, 88.2, 93.8, 88.2, 87.5, 100.0, 100.0, 100.0, 100.0, 100.0, 100.0]",2,-1.0,-1.0,-1.0,0.0666666667,0.2,0.0,0.0,0.0,18,experiment_20261005_093527
demo_texts,doc2vec,spectral,50,5,0,0.055651333,317.1123046875,0.01348875,132.21484375,92.2370059036,"[94.1, 93.7, 94.1, 94.1, 88.2, 88.9, 100.0, 100.0, 100.0, 100.0, 100.0, 100.0]",2,0.0117789395,3.3789199531,1.8093994147,0.3383914331,0.34,0.1378456918,0.0050761421,0.1378456918,18,experiment_20261005_093527
demo_texts,doc2vec,affinity,50,9,0,0.055651333,317.1123046875,0.005133792,143.314453125,35.6171659224,"[100.0, 94.4, 94.4, 88.9, 88.9, 82.4, 100.0, 100.0, 100.0, 100.0, 100.0, 100.0]",2,0.0106560579,2.7124405973,1.5165272613,0.2573412698,0.26,0.2219639543,-0.0062987993,0.2219639543,18,experiment_20261005_093527
demo_texts,doc2vec,hdbscan,50,0,50,0.055651333,317.1123046875,0.001862333,60.267578125,1.3650013733,"[41.2, 35.3, 73.3, 25.0, 47.1, 23.5, 23.5, 23.5, 29.4, 23.5, 31.3, 60.0]",2,-1.0,-1.0,-1.0,0.0,0.0,0.0,0.0,0.0,18,experiment_20261005_093527
demo_texts,sentence_bert,kmeans,50,5,0,0.044707833,120.765625,0.003280167,261.4853515625,91.3166146379,"[25.0, 15.4, 9.1, 9.1, 8.3, 9.1, 15.4, 8.3, 18.2, 18.2, 0.0, 15.4]",2,0.041649431,2.9481154755,2.8613165751,0.6423226295,0.64,0.5291025307,0.3663793103,0.5291025307,18,experiment_20261005_093527
demo_texts,sentence_bert,parallel_kmeans,50,5,0,0.044707833,120.765625,0.024975875,1067.037109375,98.4190896775,"[94.1, 100.0, 94.4, 94.1, 88.2, 88.2, 100.0, 100.0, 100.0, 100.0, 100.0, 100.0]",2,0.0489962101,2.5441870938,3.3348495156,0.7023809524,0.74,0.71339397,0.6072092159,0.71339397,18,experiment_20261005_093527
demo_texts,sentence_bert,hierarchical,50,5,0,0.044707833,120.765625,0.000901666,162.912109375,51.9313019691,"[100.0, 100.0, 100.0, 100.0, 100.0, 100.0, 100.0, 100.0, 100.0, 100.0, 100.0, 100.0]",2,0.0898950025,2.2716077321,3.9060023292,0.8384736842,0.84,0.7769523377,0.671599378,0.7769523377,18,experiment_20261005_093527
demo_texts,sentence_bert,dbscan,50,0,50,0.044707833,120.765625,0.001503708,14.71484375,91.3432085506,"[35.0, 30.0, 30.0, 25.0, 26.3, 30.0, 33.3, 30.0, 25.0, 80.0, 26.3, 30.0]",2,-1.0,-1.0,-1.0,0.0,0.0,0.0,0.0,0.0,18,experiment_20261005_093527
demo_texts,sentence_bert,minibatch,50,5,0,0.044707833,120.765625,0.005285625,261.0029296875,92.7641869282,"[94.1, 93.8, 93.7, 93.7, 88.9, 83.3, 100.0, 100.0, 100.0, 94.4, 94.4, 94.1]",2,0.0792744905,2.3202084836,3.674148457,0.7563478317,0.76,0.631551303,0.502864953,0.631551303,18,experiment_20261005_093527
demo_texts,sentence_bert,birch,50,5,0,0.044707833,120.765625,0.002543375,406.650390625,92.2330674647,"[94.1, 94.4, 94.4, 88.9, 94.1, 93.7, 100.0, 100.0, 100.0, 100.0, 100.0, 100.0]",2,0.0898950025,2.2716077321,3.9060023292,0.8384736842,0.84,0.7769523377,0.671599378,0.7769523377,18,experiment_20261005_093527
demo_texts,sentence_bert,spectral,50,5,0,0.044707833,120.765625,0.015768875,243.8125,91.179745504,"[94.4, 94.4, 94.1, 94.1, 94.1, 88.9, 100.0, 100.0, 100.0, 100.0, 100.0, 100.0]",2,0.0591048524,2.5719965053,3.2258354046,0.6376218324,0.68,0.7441753523,0.5693504394,0.7441753523,18,experiment_20261005_093527
demo_texts,sentence_bert,affinity,50,8,0,0.044707833,120.765625,0.004763125,353.951171875,40.0546166079,"[100.0, 94.1, 94.4, 88.9, 88.9, 88.2, 100.0, 100.0, 100.0, 100.0, 100.0, 100.0]",2,0.0600384995,2.1127829449,2.9453388154,0.5569067371,0.58,0.6473105272,0.4779874214,0.6473105272,18,experiment_20261005_093527
demo_texts,sentence_bert,hdbscan,50,0,50,0.044707833,120.765625,0.002484958,179.990234375,1.359494189,"[31.3, 35.3, 29.4, 25.0, 23.5, 22.2, 29.4, 29.4, 29.4, 35.3, 62.5, 29.4]",2,-1.0,-1.0,-1.0,0.0,0.0,0.0,0.0,0.0,18,experiment_20261005_093527
demo_texts,tfidf,kmeans,50,5,0,0.002485417,178.8896484375,0.002706375,303.49609375,91.5699228553,"[27.3, 18.2, 33.3, 8.3, 8.3, 16.7, 9.1, 9.1, 33.3, 25.0, 9.1, 9.1]",10,0.0046408442,3.8754547501,1.1286969479,0.2718414918,0.34,0.151716353,0.0224782242,0.151716353,19,experiment_20261005_093544
demo_texts,tfidf,parallel_kmeans,50,5,0,0.002485417,178.8896484375,0.020935791,1062.73046875,97.4067350122,"[94.1, 94.1, 100.0, 94.1, 88.9, 81.2, 100.0, 100.0, 100.0, 100.0, 100.0, 100.0]",10,0.0101367176,2.9911273371,1.2029760447,0.2576015289,0.3,0.1427641546,0.0019246191,0.1427641546,19,experiment_20261005_093544
demo_texts,tfidf,hierarchical,50,5,0,0.002485417,178.8896484375,0.000850917,22.892578125,43.4411390202,"[100.0, 100.0, 100.0, 100.0, 100.0, 100.0, 100.0, 100.0, 100.0, 100.0, 100.0, 100.0]",10,0.0122590534,3.6293853131,1.2540156198,0.4040537241,0.42,0.2174312462,0.032113191,0.2174312462,19,experiment_20261005_093544
demo_texts,tfidf,dbscan,50,0,50,0.002485417,178.8896484375,0.000971875,14.533203125,85.5534859871,"[65.0, 33.3, 25.0, 25.0, 61.9, 28.6, 75.0, 21.1, 28.6, 25.0, 28.6, 23.8]",10,-1.0,-1.0,-1.0,0.0,0.0,0.0,0.0,0.0,19,experiment_20261005_093544
demo_texts,tfidf,minibatch,50,5,0,0.002485417,178.8896484375,0.008105584,273.296875,91.6187210991,"[100.0, 100.0, 94.4, 94.1, 100.0, 88.2, 100.0, 94.7, 100.0, 100.0, 100.0, 100.0]",10,0.0011925364,2.5104474898,1.1060261919,0.232,0.28,0.1691244735,0.0042162071,0.1691244735,19,experiment_20261005_093544
demo_texts,tfidf,birch,50,5,0,0.002485417,178.8896484375,0.002204041,396.75390625,92.2893077957,"[94.1, 94.1, 94.1, 88.2, 82.4, 82.4, 100.0, 100.0, 100.0, 100.0, 100.0, 100.0]",10,0.0122590534,3.6293853131,1.2540156198,0.4040537241,0.42,0.2174312462,0.032113191,0.2174312462,19,experiment_20261005_093544
demo_texts,tfidf,spectral,50,5,0,0.002485417,178.8896484375,0.012486208,92.876953125,93.2119758286,"[88.9, 94.1, 100.0, 94.1, 87.5, 88.2, 100.0, 100.0, 100.0, 100.0, 100.0, 100.0]",10,0.0120606496,3.6780410237,1.2575023826,0.3272718561,0.36,0.1711538856,0.0202011907,0.1711538856,19,experiment_20261005_093544
demo_texts,tfidf,affinity,50,13,0,0.002485417,178.8896484375,0.008407958,142.123046875,35.7926587861,"[100.0, 100.0, 94.1, 94.1, 88.9, 88.9, 100.0, 100.0, 100.0, 100.0, 100.0, 100.0]",10,0.0180957994,2.3706446269,1.1597891261,0.2698412698,0.24,0.3017289264,0.0099560761,0.3017289264,19,experiment_20261005_093544
demo_texts,tfidf,hdbscan,50,2,12,0.002485417,178.8896484375,0.002118042,27.185546875,1.5407272313,"[33.3, 33.3, 23.5, 23.5, 18.8, 23.5, 23.5, 29.4, 27.8, 68.7, 25.0, 23.5]",10,-0.0005730935,5.4949919288,1.0028236664,0.1518661519,0.2894736842,0.0692871165,-0.0104615841,0.0692871165,19,experiment_20261005_093544
demo_texts,word2vec,kmeans,50,5,0,0.0252915,308.0166015625,0.0031735,78.353515625,90.6059564631,"[16.7, 15.4, 9.1, 8.3, 9.1, 0.0, 16.7, 8.3, 16.7, 25.0, 9.1, 9.1]",2,0.001397704,3.4378606088,1.5628188901,0.3090669856,0.34,0.112233782,0.0050399806,0.112233782,19,experiment_20261005_093544
demo_texts,word2vec,parallel_kmeans,50,5,0,0.0252915,308.0166015625,0.02278725,294.787109375,98.1433029351,"[94.1, 100.0, 94.1, 93.7, 88.9, 88.2, 100.0, 100.0, 100.0, 100.0, 100.0, 100.0]",2,0.0123356096,3.534307403,1.5871178223,0.3220255349,0.34,0.1488484862,0.0227353464,0.1488484862,19,experiment_20261005_093544
demo_texts,word2vec,hierarchical,50,5,0,0.0252915,308.0166015625,0.000778708,51.83984375,51.3059939113,"[100.0, 100.0, 100.0, 100.0, 100.0, 100.0, 100.0, 100.0, 100.0, 100.0, 100.0, 100.0]",2,0.0255337618,3.2646241097,1.9663583101,0.4173870574,0.42,0.1626861534,0.0289123692,0.1626861534,19,experiment_20261005_093544
demo_texts,word2vec,dbscan,50,1,0,0.0252915,308.0166015625,0.00121375,54.7890625,91.4882596334,"[36.8, 31.6, 30.0, 31.6, 26.3, 26.3, 73.7, 26.3, 26.3, 26.3, 30.0, 30.0]",2,-1.0,-1.0,-1.0,0.0666666667,0.2,0.0,0.0,0.0,19,experiment_20261005_093544
demo_texts,word2vec,minibatch,50,5,0,0.0252915,308.0166015625,0.004744833,78.9345703125,92.4534111687,"[94.1, 89.5, 93.7, 94.1, 88.2, 83.3, 100.0, 100.0, 100.0, 100.0, 100.0, 100.0]",2,0.001673443,3.1805680431,1.5635849113,0.2858608059,0.32,0.1496200741,0.0126386074,0.1496200741,19,experiment_20261005_093544
demo_texts,word2vec,birch,50,1,0,0.0252915,308.0166015625,0.001409833,53.8701171875,91.1122977559,"[93.8, 93.7, 94.1, 93.8, 93.7, 93.7, 100.0, 100.0, 100.0, 100.0, 100.0, 100.0]",2,-1.0,-1.0,-1.0,0.0666666667,0.2,0.0,0.0,0.0,19,experiment_20261005_093544
demo_texts,word2vec,spectral,50,5,0,0.0252915,308.0166015625,0.013591125,132.9765625,92.8796552312,"[94.1, 93.7, 88.2, 88.2, 87.5, 83.3, 100.0, 100.0, 100.0, 100.0, 100.0, 100.0]",2,0.0214563012,3.2634537264,2.0124661172,0.3335737235,0.34,0.0763661696,-0.0232266507,0.0763661696,19,experiment_20261005_093544
demo_texts,word2vec,affinity,50,4,0,0.0252915,308.0166015625,0.004268875,143.314453125,43.1543508709,"[94.1, 94.1, 93.7, 100.0, 88.2, 86.7, 100.0, 100.0, 100.0, 100.0, 100.0, 100.0]",2,0.0097787101,3.6467391299,1.6215881771,0.31,0.36,0.1475729686,0.0334900118,0.1475729686,19,experiment_20261005_093544
demo_texts,word2vec,hdbscan,50,0,50,0.0252915,308.0166015625,0.001799208,60.1328125,1.2303038167,"[35.3, 31.2, 29.4, 29.4, 29.4, 23.5, 29.4, 29.4, 64.7, 31.3, 25.0, 29.4]",2,-1.0,-1.0,-1.0,0.0,0.0,0.0,0.0,0.0,19,experiment_20261005_093544
demo_texts,fasttext,kmeans,50,5,0,0.554510333,781816.576171875,0.003049291,78.263671875,92.2762912702,"[16.7, 18.2, 23.1, 9.1, 9.1, 8.3, 9.1, 0.0, 9.1, 27.3, 16.7, 0.0]",2,-0.0215578247,3.4594347441,1.6210785666,0.3429473051,0.36,0.2113607008,0.0441406806,0.2113607008,19,experiment_20261005_093544
demo_texts,fasttext,parallel_kmeans,50,5,0,0.554510333,781816.576171875,0.023070958,288.314453125,98.6791218861,"[100.0, 94.1, 93.7, 94.1, 88.2, 93.7, 100.0, 100.0, 100.0, 100.0, 100.0, 100.0]",2,0.0223167706,2.6909731835,1.9209477187,0.2863826232,0.32,0.1124800438,-0.0110466722,0.1124800438,19,experiment_20261005_093544
demo_texts,fasttext,hierarchical,50,5,0,0.554510333,781816.576171875,0.000804834,51.884765625,47.5214596381,"[94.7, 100.0, 100.0, 100.0, 100.0, 100.0, 100.0, 100.0, 100.0, 100.0, 100.0, 100.0]",2,0.0077340766,2.8479794064,2.0884795681,0.3650909091,0.42,0.2086707374,0.0683238189,0.2086707374,19,experiment_20261005_093544
demo_texts,fasttext,dbscan,50,1,0,0.554510333,781816.576171875,0.001109666,54.7890625,91.1194053541,"[40.0, 45.5, 38.1, 28.6, 25.0, 25.0, 28.6, 73.7, 25.0, 25.0, 23.8, 25.0]",2,-1.0,-1.0,-1.0,0.0666666667,0.2,0.0,0.0,0.0,19,experiment_20261005_093544
demo_texts,fasttext,minibatch,50,5,0,0.554510333,781816.576171875,0.00589275,79.0888671875,90.3347216333,"[93.7, 100.0, 88.9, 94.4, 88.9, 94.1, 100.0, 100.0, 100.0, 100.0, 100.0, 100.0]",2,0.0384747609,2.5443899798,1.5926649819,0.2577838828,0.3,0.1433552428,-0.0044550134,0.1433552428,19,experiment_20261005_093544
demo_texts,fasttext,birch,50,1,0,0.554510333,781816.576171875,0.001440792,53.8251953125,91.5335036063,"[100.0, 100.0, 100.0, 100.0, 100.0, 100.0, 100.0, 100.0, 100.0, 100.0, 100.0, 100.0]",2,-1.0,-1.0,-1.0,0.0666666667,0.2,0.0,0.0,0.0,19,experiment_20261005_093544
demo_texts,fasttext,spectral,50,5,0,0.554510333,781816.576171875,0.012309834,132.6171875,93.064617186,"[94.1, 94.1, 89.5, 94.1, 88.9, 84.2, 100.0, 100.0, 100.0, 100.0, 100.0, 100.0]",2,0.0083617121,3.2072267906,2.0918209523,0.3526968937,0.36,0.2096902529,0.0580556321,0.2096902529,19,experiment_20261005_093544
demo_texts,fasttext,affinity,50,9,0,0.554510333,781816.576171875,0.0042895,143.359375,35.4798162307,"[94.4, 94.7, 93.7, 94.1, 88.2, 93.7, 100.0, 100.0, 100.0, 100.0, 100.0, 100.0]",2,0.0085102767,1.975743182,1.8351472445,0.3288981772,0.4,0.2500479373,0.0556098062,0.2500479373,19,experiment_20261005_093544
demo_texts,fasttext,hdbscan,50,0,50,0.554510333,781816.576171875,0.001699583,60.22265625,1.540504078,"[31.2, 25.0, 22.2, 22.2, 22.2, 21.1, 27.8, 31.6, 58.8, 33.3, 27.8, 18.7]",2,-1.0,-1.0,-1.0,0.0,0.0,0.0,0.0,0.0,19,experiment_20261005_093544
demo_texts,doc2vec,kmeans,50,5,0,0.057704583,316.9619140625,0.002873292,78.173828125,91.449542378,"[25.0, 9.1, 8.3, 9.1, 0.0, 0.0, 25.0, 8.3, 33.3, 27.3, 8.3, 16.7]",2,0.0100996271,3.5046656034,1.5572498089,0.3059073022,0.32,0.1032567988,-0.0016394282,0.1032567988,19,experiment_20261005_093544
demo_texts,doc2vec,parallel_kmeans,50,5,0,0.057704583,316.9619140625,0.022995833,296.271484375,98.0218623453,"[94.1, 94.4, 94.4, 88.9, 94.1, 88.9, 100.0, 100.0, 100.0, 100.0, 100.0, 100.0]",2,0.0096303457,3.682845435,1.5706002666,0.3277284635,0.34,0.0871397783,-0.0174525574,0.0871397783,19,experiment_20261005_093544
demo_texts,doc2vec,hierarchical,50,5,0,0.057704583,316.9619140625,0.000789083,51.83984375,50.356349222,"[100.0, 100.0, 100.0, 100.0, 100.0, 100.0, 100.0, 100.0, 100.0, 100.0, 100.0, 100.0]",2,0.0215029791,3.3987313384,1.8116660239,0.3051482429,0.32,0.0812366019,-0.0240914239,0.0812366019,19,experiment_20261005_093544
demo_texts,doc2vec,dbscan,50,1,0,0.057704583,316.9619140625,0.001444208,54.833984375,91.7816102961,"[33.3, 35.0, 35.0, 30.0, 30.0, 28.6, 26.3, 40.0, 30.0, 38.1, 28.6, 52.6]",2,-1.0,-1.0,-1.0,0.0666666667,0.2,0.0,0.0,0.0,19,experiment_20261005_093544
demo_texts,doc2vec,minibatch,50,5,0,0.057704583,316.9619140625,0.005186,79.064453125,92.404307712,"[94.1, 94.1, 94.1, 88.9, 88.9, 88.2, 100.0, 100.0, 100.0, 100.0, 100.0, 100.0]",2,0.0031086118,3.3620380167,1.5095377709,0.2760606061,0.3,0.0968846025,-0.0303178484,0.0968846025,19,experiment_20261005_093544
demo_texts,doc2vec,birch,50,1,0,0.057704583,316.9619140625,0.001417708,53.8701171875,91.2652873793,"[94.4, 94.4, 94.1, 93.7, 93.7, 87.5, 100.0, 100.0, 100.0, 100.0, 100.0, 100.0]",2,-1.0,-1.0,-1.0,0.0666666667,0.2,0.0,0.0,0.0,19,experiment_20261005_093544
demo_texts,doc2vec,spectral,50,5,0,0.057704583,316.9619140625,0.013548292,131.943359375,93.2452793672,"[94.1, 93.7, 94.1, 94.4, 77.8, 83.3, 100.0, 100.0, 100.0, 100.0, 100.0, 100.0]",2,0.0117789395,3.3789199531,1.8093994147,0.3383914331,0.34,0.1378456918,0.0050761421,0.1378456918,19,experiment_20261005_093544
demo_texts,doc2vec,affinity,50,9,0,0.057704583,316.9619140625,0.005228,144.158203125,38.3955295416,"[94.1, 100.0, 94.4, 93.7, 94.1, 88.9, 100.0, 100.0, 100.0, 100.0, 100.0, 100.0]",2,0.0106560579,2.7124405973,1.5165272613,0.2573412698,0.26,0.2219639543,-0.0062987993,0.2219639543,19,experiment_20261005_093544
demo_texts,doc2vec,hdbscan,50,0,50,0.057704583,316.9619140625,0.001866125,60.177734375,1.7015634031,"[35.3, 25.0, 25.0, 23.5, 23.5, 18.8, 23.5, 33.3, 56.3, 29.4, 25.0, 27.8]",2,-1.0,-1.0,-1.0,0.0,0.0,0.0,0.0,0.0,19,experiment_20261005_093544
demo_texts,sentence_bert,kmeans,50,5,0,0.036075167,122.7265625,0.003315084,261.66015625,92.1987215681,"[25.0, 15.4, 9.1, 15.4, 15.4, 15.4, 25.0, 9.1, 16.7, 8.3, 9.1, 15.4]",2,0.041649431,2.9481154755,2.8613165751,0.6423226295,0.64,0.5291025307,0.3663793103,0.5291025307,19,experiment_20261005_093544
demo_texts,sentence_bert,parallel_kmeans,50,5,0,0.036075167,122.7265625,0.024962584,1068.69921875,98.3607664035,"[94.4, 100.0, 88.9, 94.1, 93.7, 93.7, 100.0, 100.0, 100.0, 100.0, 100.0, 100.0]",2,0.0489962101,2.5441870938,3.3348495156,0.7023809524,0.74,0.71339397,0.6072092159,0.71339397,19,experiment_20261005_093544
demo_texts,sentence_bert,hierarchical,50,5,0,0.036075167,122.7265625,0.000894834,162.912109375,52.1762110214,"[100.0, 100.0, 100.0, 100.0, 100.0, 100.0, 100.0, 100.0, 100.0, 100.0, 100.0, 100.0]",2,0.0898950025,2.2716077321,3.9060023292,0.8384736842,0.84,0.7769523377,0.671599378,0.7769523377,19,experiment_20261005_093544
demo_texts,sentence_bert,dbscan,50,0,50,0.036075167,122.7265625,0.001338375,14.669921875,91.37683989,"[35.0, 30.0, 30.0, 30.0, 28.6, 25.0, 26.3, 28.6, 26.3, 75.0, 28.6, 35.0]",2,-1.0,-1.0,-1.0,0.0,0.0,0.0,0.0,0.0,19,experiment_20261005_093544
demo_texts,sentence_bert,minibatch,50,5,0,0.036075167,122.7265625,0.005427541,261.1630859375,92.1379793892,"[94.1, 88.2, 88.9, 94.4, 93.8, 88.2, 100.0, 100.0, 100.0, 100.0, 100.0, 100.0]",2,0.0792744905,2.3202084836,3.674148457,0.7563478317,0.76,0.631551303,0.502864953,0.631551303,19,experiment_20261005_093544
demo_texts,sentence_bert,birch,50,5,0,0.036075167,122.7265625,0.0023775,406.650390625,92.3258712778,"[100.0, 100.0, 93.7, 93.7, 83.3, 83.3, 100.0, 100.0, 100.0, 100.0, 100.0, 100.0]",2,0.0898950025,2.2716077321,3.9060023292,0.8384736842,0.84,0.7769523377,0.671599378,0.7769523377,19,experiment_20261005_093544
demo_texts,sentence_bert,spectral,50,5,0,0.036075167,122.7265625,0.013314916,243.453125,91.973427835,"[94.1, 94.1, 94.1, 88.2, 94.1, 88.2, 100.0, 100.0, 100.0, 100.0, 100.0, 100.0]",2,0.0591048524,2.5719965053,3.2258354046,0.6376218324,0.68,0.7441753523,0.5693504394,0.7441753523,19,experiment_20261005_093544
demo_texts,sentence_bert,affinity,50,8,0,0.036075167,122.7265625,0.004847875,353.99609375,35.9990359027,"[88.9, 94.1, 100.0, 94.1, 88.2, 88.2, 100.0, 100.0, 100.0, 100.0, 100.0, 100.0]",2,0.0600384995,2.1127829449,2.9453388154,0.5569067371,0.58,0.6473105272,0.4779874214,0.6473105272,19,experiment_20261005_093544
demo_texts,sentence_bert,hdbscan,50,0,50,0.036075167,122.7265625,0.002488625,180.185546875,1.4996481668,"[37.5, 31.2, 29.4, 23.5, 23.5, 18.8, 18.8, 62.5, 27.8, 35.3, 23.5, 20.0]",2,-1.0,-1.0,-1.0,0.0,0.0,0.0,0.0,0.0,19,experiment_20261005_093544
demo_texts,tfidf,kmeans,50,5,0,0.002316667,178.9267578125,0.00296075,303.541015625,91.327636363,"[16.7, 16.7, 15.4, 16.7, 15.4, 0.0, 18.2, 9.1, 33.3, 16.7, 9.1, 15.4]",10,0.0046408442,3.8754547501,1.1286969479,0.2718414918,0.34,0.151716353,0.0224782242,0.151716353,20,experiment_20261005_093602
demo_texts,tfidf,parallel_kmeans,50,5,0,0.002316667,178.9267578125,0.020824291,1131.009765625,98.6835250621,"[94.1, 94.1, 94.1, 88.2, 94.1, 84.2, 100.0, 100.0, 100.0, 100.0, 100.0, 100.0]",10,0.0101367176,2.9911273371,1.2029760447,0.2576015289,0.3,0.1427641546,0.0019246191,0.1427641546,20,experiment_20261005_093602
demo_texts,tfidf,hierarchical,50,5,0,0.002316667,178.9267578125,0.000835667,22.892578125,47.3468463178,"[100.0, 100.0, 100.0, 100.0, 100.0, 100.0, 100.0, 100.0, 100.0, 100.0, 100.0, 100.0]",10,0.0122590534,3.6293853131,1.2540156198,0.4040537241,0.42,0.2174312462,0.032113191,0.2174312462,20,experiment_20261005_093602
demo_texts,tfidf,dbscan,50,0,50,0.002316667,178.9267578125,0.000947792,14.623046875,91.3479829595,"[28.6, 25.0, 25.0, 28.6, 28.6, 25.0, 35.0, 20.0, 25.0, 65.0, 23.8, 28.6]",10,-1.0,-1.0,-1.0,0.0,0.0,0.0,0.0,0.0,20,experiment_20261005_093602
demo_texts,tfidf,minibatch,50,5,0,0.002316667,178.9267578125,0.005957,272.7978515625,91.5849491411,"[94.1, 94.4, 94.1, 88.2, 88.2, 88.2, 94.4, 100.0, 100.0, 100.0, 100.0, 100.0]",10,0.0011925364,2.5104474898,1.1060261919,0.232,0.28,0.1691244735,0.0042162071,0.1691244735,20,experiment_20261005_093602
demo_texts,tfidf,birch,50,5,0,0.002316667,178.9267578125,0.002208375,396.75390625,92.3895668706,"[93.7, 93.7, 93.7, 93.8, 94.1, 87.5, 100.0, 100.0, 100.0, 100.0, 100.0, 100.0]",10,0.0122590534,3.6293853131,1.2540156198,0.4040537241,0.42,0.2174312462,0.032113191,0.2174312462,20,experiment_20261005_093602
demo_texts,tfidf,spectral,50,5,0,0.002316667,178.9267578125,0.012597625,92.96875,93.1997542742,"[94.1, 94.1, 94.4, 94.1, 88.2, 88.2, 100.0, 100.0, 100.0, 100.0, 100.0, 100.0]",10,0.0120606496,3.6780410237,1.2575023826,0.3272718561,0.36,0.1711538856,0.0202011907,0.1711538856,20,experiment_20261005_093602
demo_texts,tfidf,affinity,50,13,0,0.002316667,178.9267578125,0.008406084,142.212890625,34.9133405157,"[94.4, 94.1, 88.2, 88.9, 88.2, 88.9, 100.0, 100.0, 100.0, 100.0, 100.0, 100.0]",10,0.0180957994,2.3706446269,1.1597891261,0.2698412698,0.24,0.3017289264,0.0099560761,0.3017289264,20,experiment_20261005_093602
demo_texts,tfidf,hdbscan,50,2,12,0.002316667,178.9267578125,0.002102083,27.3203125,1.5719693832,"[80.0, 58.8, 31.2, 25.0, 25.0, 25.0, 29.4, 25.0, 64.7, 25.0, 20.0, 23.5]",10,-0.0005730935,5.4949919288,1.0028236664,0.1518661519,0.2894736842,0.0692871165,-0.0104615841,0.0692871165,20,experiment_20261005_093602
demo_texts,word2vec,kmeans,50,5,0,0.025266125,308.6357421875,0.003134917,78.4482421875,91.8839603688,"[16.7, 15.4, 0.0, 9.1, 8.3, 8.3, 9.1, 8.3, 16.7, 30.8, 16.7, 15.4]",2,0.001397704,3.4378606088,1.5628188901,0.3090669856,0.34,0.112233782,0.0050399806,0.112233782,20,experiment_20261005_093602
demo_texts,word2vec,parallel_kmeans,50,5,0,0.025266125,308.6357421875,0.023388042,249.4599609375,98.6841484116,"[93.7, 93.3, 94.4, 94.1, 94.1, 88.2, 100.0, 100.0, 100.0, 100.0, 100.0, 100.0]",2,0.0123356096,3.534307403,1.5871178223,0.3220255349,0.34,0.1488484862,0.0227353464,0.1488484862,20,experiment_20261005_093602
demo_texts,word2vec,hierarchical,50,5,0,0.025266125,308.6357421875,0.000801416,51.884765625,51.1435945614,"[100.0, 100.0, 100.0, 100.0, 100.0, 100.0, 100.0, 100.0, 100.0, 100.0, 100.0, 100.0]",2,0.0255337618,3.2646241097,1.9663583101,0.4173870574,0.42,0.1626861534,0.0289123692,0.1626861534,20,experiment_20261005_093602
demo_texts,word2vec,dbscan,50,1,0,0.025266125,308.6357421875,0.001150917,54.744140625,91.4407398535,"[35.0, 35.0, 31.6, 26.3, 30.0, 30.0, 26.3, 26.3, 26.3, 30.0, 73.7, 30.0]",2,-1.0,-1.0,-1.0,0.0666666667,0.2,0.0,0.0,0.0,20,experiment_20261005_093602
demo_texts,word2vec,minibatch,50,5,0,0.025266125,308.6357421875,0.004711,79.3388671875,91.7080815801,"[93.7, 93.7, 88.2, 94.1, 93.8, 81.2, 100.0, 100.0, 100.0, 100.0, 100.0, 100.0]",2,0.001673443,3.1805680431,1.5635849113,0.2858608059,0.32,0.1496200741,0.0126386074,0.1496200741,20,experiment_20261005_093602
demo_texts,word2vec,birch,50,1,0,0.025266125,308.6357421875,0.001415167,53.8701171875,91.3156458313,"[100.0, 94.1, 100.0, 88.2, 82.4, 94.1, 100.0, 100.0, 100.0, 100.0, 100.0, 100.0]",2,-1.0,-1.0,-1.0,0.0666666667,0.2,0.0,0.0,0.0,20,experiment_20261005_093602
demo_texts,word2vec,spectral,50,5,0,0.025266125,308.6357421875,0.013731625,132.169921875,92.8311666088,"[88.2, 94.1, 88.9, 93.8, 93.7, 76.5, 100.0, 100.0, 100.0, 100.0, 100.0, 100.0]",2,0.0214563012,3.2634537264,2.0124661172,0.3335737235,0.34,0.0763661696,-0.0232266507,0.0763661696,20,experiment_20261005_093602
demo_texts,word2vec,affinity,50,4,0,0.025266125,308.6357421875,0.004200542,143.1796875,42.523413243,"[100.0, 100.0, 93.7, 94.1, 88.2, 87.5, 100.0, 100.0, 100.0, 100.0, 100.0, 100.0]",2,0.0097787101,3.6467391299,1.6215881771,0.31,0.36,0.1475729686,0.0334900118,0.1475729686,20,experiment_20261005_093602
demo_texts,word2vec,hdbscan,50,0,50,0.025266125,308.6357421875,0.001772041,60.22265625,1.0488219087,"[35.3, 31.2, 25.0, 25.0, 29.4, 25.0, 29.4, 31.2, 25.0, 66.7, 25.0, 31.2]",2,-1.0,-1.0,-1.0,0.0,0.0,0.0,0.0,0.0,20,experiment_20261005_093602
demo_texts,fasttext,kmeans,50,5,0,0.545111042,781814.896484375,0.003304541,78.578125,92.3795811134,"[9.1, 9.1, 16.7, 16.7, 15.4, 8.3, 0.0, 8.3, 9.1, 0.0, 18.2, 16.7]",2,-0.0215578247,3.4594347441,1.6210785666,0.3429473051,0.36,0.2113607008,0.0441406806,0.2113607008,20,experiment_20261005_093602
demo_texts,fasttext,parallel_kmeans,50,5,0,0.545111042,781814.896484375,0.023769708,287.2216796875,98.0242977049,"[94.4, 94.1, 94.4, 88.9, 93.7, 88.2, 100.0, 100.0, 100.0, 100.0, 100.0, 100.0]",2,0.0223167706,2.6909731835,1.9209477187,0.2863826232,0.32,0.1124800438,-0.0110466722,0.1124800438,20,experiment_20261005_093602
demo_texts,fasttext,hierarchical,50,5,0,0.545111042,781814.896484375,0.000774834,51.884765625,47.9831533209,"[100.0, 100.0, 100.0, 100.0, 100.0, 100.0, 100.0, 100.0, 100.0, 100.0, 100.0, 100.0]",2,0.0077340766,2.8479794064,2.0884795681,0.3650909091,0.42,0.2086707374,0.0683238189,0.2086707374,20,experiment_20261005_093602
demo_texts,fasttext,dbscan,50,1,0,0.545111042,781814.896484375,0.00106425,54.7890625,91.6065281857,"[35.0, 28.6, 28.6, 25.0, 20.0, 23.8, 70.0, 25.0, 25.0, 23.8, 25.0, 28.6]",2,-1.0,-1.0,-1.0,0.0666666667,0.2,0.0,0.0,0.0,20,experiment_20261005_093602
demo_texts,fasttext,minibatch,50,5,0,0.545111042,781814.896484375,0.006027833,78.8193359375,92.6968381443,"[94.1, 94.1, 94.1, 94.1, 94.1, 88.2, 100.0, 100.0, 94.7, 100.0, 100.0, 100.0]",2,0.0384747609,2.5443899798,1.5926649819,0.2577838828,0.3,0.1433552428,-0.0044550134,0.1433552428,20,experiment_20261005_093602
demo_texts,fasttext,birch,50,1,0,0.545111042,781814.896484375,0.001483708,53.8701171875,91.298145796,"[94.1, 94.1, 88.9, 94.1, 88.9, 88.2, 100.0, 100.0, 100.0, 100.0, 100.0, 100.0]",2,-1.0,-1.0,-1.0,0.0666666667,0.2,0.0,0.0,0.0,20,experiment_20261005_093602
demo_texts,fasttext,spectral,50,5,0,0.545111042,781814.896484375,0.012475209,132.841796875,93.1200870046,"[94.4, 100.0, 94.1, 94.4, 88.2, 82.4, 100.0, 100.0, 100.0, 100.0, 100.0, 100.0]",2,0.0083617121,3.2072267906,2.0918209523,0.3526968937,0.36,0.2096902529,0.0580556321,0.2096902529,20,experiment_20261005_093602
demo_texts,fasttext,affinity,50,9,0,0.545111042,781814.896484375,0.00427925,143.44921875,32.7796236123,"[88.9, 94.4, 94.1, 94.1, 93.7, 94.1, 100.0, 100.0, 100.0, 100.0, 100.0, 100.0]",2,0.0085102767,1.975743182,1.8351472445,0.3288981772,0.4,0.2500479373,0.0556098062,0.2500479373,20,experiment_20261005_093602
demo_texts,fasttext,hdbscan,50,0,50,0.545111042,781814.896484375,0.001734209,60.1328125,1.5512830074,"[35.3, 27.8, 23.5, 22.2, 21.1, 16.7, 31.3, 58.8, 23.5, 23.5, 22.2, 17.6]",2,-1.0,-1.0,-1.0,0.0,0.0,0.0,0.0,0.0,20,experiment_20261005_093602
demo_texts,doc2vec,kmeans,50,5,0,0.056166042,317.9443359375,0.002728166,78.3125,85.5953786186,"[100.0, 33.3, 18.2, 9.1, 9.1, 16.7, 16.7, 33.3, 0.0, 9.1, 27.3, 33.3]",2,0.0100996271,3.5046656034,1.5572498089,0.3059073022,0.32,0.1032567988,-0.0016394282,0.1032567988,20,experiment_20261005_093602
demo_texts,doc2vec,parallel_kmeans,50,5,0,0.056166042,317.9443359375,0.022733083,254.0576171875,98.3399951387,"[100.0, 94.1, 100.0, 100.0, 100.0, 100.0, 100.0, 100.0, 100.0, 100.0, 100.0, 100.0]",2,0.0096303457,3.682845435,1.5706002666,0.3277284635,0.34,0.0871397783,-0.0174525574,0.0871397783,20,experiment_20261005_093602
demo_texts,doc2vec,hierarchical,50,5,0,0.056166042,317.9443359375,0.000771042,51.884765625,50.6150831747,"[100.0, 100.0, 100.0, 100.0, 100.0, 100.0, 100.0, 100.0, 100.0, 100.0, 100.0, 100.0]",2,0.0215029791,3.3987313384,1.8116660239,0.3051482429,0.32,0.0812366019,-0.0240914239,0.0812366019,20,experiment_20261005_093602
demo_texts,doc2vec,dbscan,50,1,0,0.056166042,317.9443359375,0.00143675,54.744140625,91.6060659684,"[35.0, 31.6, 30.0, 28.6, 28.6, 25.0, 73.7, 25.0, 26.3, 26.3, 28.6, 25.0]",2,-1.0,-1.0,-1.0,0.0666666667,0.2,0.0,0.0,0.0,20,experiment_20261005_093602
demo_texts,doc2vec,minibatch,50,5,0,0.056166042,317.9443359375,0.005196667,78.9794921875,92.6634762007,"[100.0, 100.0, 88.9, 94.1, 88.9, 82.4, 100.0, 100.0, 94.7, 100.0, 100.0, 100.0]",2,0.0031086118,3.3620380167,1.5095377709,0.2760606061,0.3,0.0968846025,-0.0303178484,0.0968846025,20,experiment_20261005_093602
demo_texts,doc2vec,birch,50,1,0,0.056166042,317.9443359375,0.001413084,53.8251953125,91.3353272545,"[93.7, 93.7, 94.1, 93.7, 87.5, 87.5, 100.0, 100.0, 100.0, 100.0, 100.0, 100.0]",2,-1.0,-1.0,-1.0,0.0666666667,0.2,0.0,0.0,0.0,20,experiment_20261005_093602
demo_texts,doc2vec,spectral,50,5,0,0.056166042,317.9443359375,0.013566542,132.70703125,93.2398127179,"[94.1, 94.1, 93.8, 88.2, 87.5, 88.2, 100.0, 100.0, 100.0, 100.0, 100.0, 100.0]",2,0.0117789395,3.3789199531,1.8093994147,0.3383914331,0.34,0.1378456918,0.0050761421,0.1378456918,20,experiment_20261005_093602
demo_texts,doc2vec,affinity,50,9,0,0.056166042,317.9443359375,0.005144375,143.404296875,40.0910660928,"[94.1, 100.0, 100.0, 94.1, 88.2, 87.5, 100.0, 100.0, 100.0, 100.0, 100.0, 100.0]",2,0.0106560579,2.7124405973,1.5165272613,0.2573412698,0.26,0.2219639543,-0.0062987993,0.2219639543,20,experiment_20261005_093602
demo_texts,doc2vec,hdbscan,50,0,50,0.056166042,317.9443359375,0.001865292,60.1328125,1.2043652117,"[29.4, 27.8, 23.5, 23.5, 27.8, 27.8, 29.4, 23.5, 29.4, 27.8, 64.7, 29.4]",2,-1.0,-1.0,-1.0,0.0,0.0,0.0,0.0,0.0,20,experiment_20261005_093602
demo_texts,sentence_bert,kmeans,50,5,0,0.051417166,120.197265625,0.003436,261.6953125,91.5027914005,"[27.3, 9.1, 16.7, 8.3, 9.1, 9.1, 16.7, 16.7, 16.7, 0.0, 16.7, 30.8]",2,0.041649431,2.9481154755,2.8613165751,0.6423226295,0.64,0.5291025307,0.3663793103,0.5291025307,20,experiment_20261005_093602
demo_texts,sentence_bert,parallel_kmeans,50,5,0,0.051417166,120.197265625,0.0255645,1067.2373046875,98.0778477273,"[94.4, 100.0, 88.9, 94.1, 84.2, 77.8, 100.0, 100.0, 100.0, 100.0, 100.0, 100.0]",2,0.0489962101,2.5441870938,3.3348495156,0.7023809524,0.74,0.71339397,0.6072092159,0.71339397,20,experiment_20261005_093602
demo_texts,sentence_bert,hierarchical,50,5,0,0.051417166,120.197265625,0.00088575,162.912109375,51.4527186683,"[100.0, 100.0, 100.0, 100.0, 100.0, 100.0, 100.0, 100.0, 100.0, 100.0, 100.0, 100.0]",2,0.0898950025,2.2716077321,3.9060023292,0.8384736842,0.84,0.7769523377,0.671599378,0.7769523377,20,experiment_20261005_093602
demo_texts,sentence_bert,dbscan,50,0,50,0.051417166,120.197265625,0.001648042,14.71484375,90.9971667233,"[35.0, 30.0, 26.3, 26.3, 30.0, 25.0, 45.0, 30.0, 25.0, 25.0, 57.9, 28.6]",2,-1.0,-1.0,-1.0,0.0,0.0,0.0,0.0,0.0,20,experiment_20261005_093602
demo_texts,sentence_bert,minibatch,50,5,0,0.051417166,120.197265625,0.005260416,261.1279296875,92.5007906293,"[94.1, 88.9, 94.4, 94.1, 88.2, 88.2, 100.0, 100.0, 100.0, 100.0, 100.0, 100.0]",2,0.0792744905,2.3202084836,3.674148457,0.7563478317,0.76,0.631551303,0.502864953,0.631551303,20,experiment_20261005_093602
demo_texts,sentence_bert,birch,50,5,0,0.051417166,120.197265625,0.002424542,406.6953125,92.0175124476,"[94.1, 94.1, 94.1, 88.2, 88.2, 94.1, 100.0, 100.0, 100.0, 100.0, 100.0, 100.0]",2,0.0898950025,2.2716077321,3.9060023292,0.8384736842,0.84,0.7769523377,0.671599378,0.7769523377,20,experiment_20261005_093602
demo_texts,sentence_bert,spectral,50,5,0,0.051417166,120.197265625,0.01338675,243.091796875,93.0027203351,"[94.1, 94.1, 100.0, 88.2, 88.2, 88.2, 100.0, 100.0, 100.0, 100.0, 100.0, 100.0]",2,0.0591048524,2.5719965053,3.2258354046,0.6376218324,0.68,0.7441753523,0.5693504394,0.7441753523,20,experiment_20261005_093602
demo_texts,sentence_bert,affinity,50,8,0,0.051417166,120.197265625,0.004855083,353.99609375,35.2543673743,"[94.4, 94.1, 94.4, 94.4, 94.4, 88.9, 100.0, 100.0, 100.0, 100.0, 100.0, 100.0]",2,0.0600384995,2.1127829449,2.9453388154,0.5569067371,0.58,0.6473105272,0.4779874214,0.6473105272,20,experiment_20261005_093602
demo_texts,sentence_bert,hdbscan,50,0,50,0.051417166,120.197265625,0.002649083,180.03515625,1.5980922682,"[25.0, 25.0, 23.5, 23.5, 18.7, 17.6, 27.8, 33.3, 64.7, 27.8, 27.8, 27.8]",2,-1.0,-1.0,-1.0,0.0,0.0,0.0,0.0,0.0,20,experiment_20261005_093602
